{
  "pageName": "inefficientcontextTest60",
  "LCP": 519.129,
  "FID": 2003.151,
  "CLS": 0,
  "TBT": 1953.1509999999998,
  "renderTime": 464,
  "jsBundleSizeKB": 11.556640625,
  "hasJank": true,
  "imageLoadTime": 0
}