{
  "pageName": "inefficientcontextTest115",
  "LCP": 5586.018,
  "FID": 5046.91,
  "CLS": 0,
  "TBT": 4996.909999938965,
  "renderTime": 5279,
  "jsBundleSizeKB": 14.775390625,
  "hasJank": true,
  "imageLoadTime": 0
}