{
  "pageName": "inefficientcontextTest18",
  "LCP": 2092.1422500000003,
  "FID": 164,
  "CLS": 0,
  "TBT": 142,
  "renderTime": 1296.671391976595,
  "jsBundleSizeKB": 8.9130859375,
  "hasJank": false,
  "imageLoadTime": 0
}