{
  "pageName": "inefficientcontextTest250",
  "LCP": 4535.74,
  "FID": 4026.082,
  "CLS": 0,
  "TBT": 3976.081999938965,
  "renderTime": 4197,
  "jsBundleSizeKB": 11.8447265625,
  "hasJank": true,
  "imageLoadTime": 0
}