{
  "pageName": "inefficientcontextTest35",
  "LCP": 5533.036,
  "FID": 5024.486,
  "CLS": 0,
  "TBT": 4974.485999938965,
  "renderTime": 5341,
  "jsBundleSizeKB": 8.908203125,
  "hasJank": true,
  "imageLoadTime": 0
}