{
  "pageName": "inefficientcontextTest258",
  "LCP": 515.049,
  "FID": 4003.248,
  "CLS": 0,
  "TBT": 3953.247999938965,
  "renderTime": 789,
  "jsBundleSizeKB": 9.7919921875,
  "hasJank": true,
  "imageLoadTime": 0
}