{
  "pageName": "inefficientcontextTest14",
  "LCP": 2210.6174499999997,
  "FID": 247,
  "CLS": 0,
  "TBT": 225,
  "renderTime": 884.824498012557,
  "jsBundleSizeKB": 8.3251953125,
  "hasJank": false,
  "imageLoadTime": 0
}