{
  "pageName": "inefficientcontextTest6",
  "LCP": 12003.4856,
  "FID": 10000,
  "CLS": 0,
  "TBT": 10050,
  "renderTime": 5877.883699989586,
  "jsBundleSizeKB": 9.498046875,
  "hasJank": true,
  "imageLoadTime": 0
}