{
  "pageName": "inefficientcontextTest118",
  "LCP": 4558.884,
  "FID": 4032.784,
  "CLS": 0,
  "TBT": 3982.783999938965,
  "renderTime": 4173,
  "jsBundleSizeKB": 11.2568359375,
  "hasJank": true,
  "imageLoadTime": 0
}