{
  "pageName": "inefficientcontextTest158",
  "LCP": 4585.903,
  "FID": 4035.354,
  "CLS": 0,
  "TBT": 3985.353999938965,
  "renderTime": 4105,
  "jsBundleSizeKB": 10.083984375,
  "hasJank": true,
  "imageLoadTime": 0
}