{
  "pageName": "inefficientcontextTest8",
  "LCP": 1769.3379999999997,
  "FID": 154,
  "CLS": 0,
  "TBT": 127,
  "renderTime": 739.9066899911879,
  "jsBundleSizeKB": 6.5712890625,
  "hasJank": false,
  "imageLoadTime": 0
}