{
  "pageName": "inefficientcontextTest19",
  "LCP": 2079.0480500000003,
  "FID": 151,
  "CLS": 0,
  "TBT": 141,
  "renderTime": 1269.3662999808073,
  "jsBundleSizeKB": 9.4970703125,
  "hasJank": false,
  "imageLoadTime": 0
}