{
  "pageName": "inefficientcontextTest29",
  "LCP": 11854.975250000001,
  "FID": 10000,
  "CLS": 0,
  "TBT": 10054,
  "renderTime": 4580.0120880076165,
  "jsBundleSizeKB": 8.916015625,
  "hasJank": true,
  "imageLoadTime": 0
}