{
  "pageName": "inefficientcontextTest26",
  "LCP": 1895.9953999999998,
  "FID": 163,
  "CLS": 0,
  "TBT": 137,
  "renderTime": 1298.3183280412293,
  "jsBundleSizeKB": 10.376953125,
  "hasJank": false,
  "imageLoadTime": 0
}