{
  "pageName": "inlinefunctionsTest108",
  "LCP": 2530.09,
  "FID": 2026.887,
  "CLS": 0,
  "TBT": 1976.886999938965,
  "renderTime": 2338,
  "jsBundleSizeKB": 9.50390625,
  "hasJank": true,
  "imageLoadTime": 0
}