{
  "pageName": "inlinefunctionsTest130",
  "LCP": 4524.746,
  "FID": 4028.05,
  "CLS": 0,
  "TBT": 3978.0499999389644,
  "renderTime": 4316,
  "jsBundleSizeKB": 10.3779296875,
  "hasJank": true,
  "imageLoadTime": 0
}