{
  "pageName": "inlinefunctionsTest15",
  "LCP": 2554.6735,
  "FID": 147,
  "CLS": 0,
  "TBT": 172,
  "renderTime": 1472.7342000225974,
  "jsBundleSizeKB": 14.7763671875,
  "hasJank": false,
  "imageLoadTime": 0
}