{
  "pageName": "inlinefunctionsTest117",
  "LCP": 3526.393,
  "FID": 3019.657,
  "CLS": 0,
  "TBT": 2969.656999938965,
  "renderTime": 3353,
  "jsBundleSizeKB": 8.62109375,
  "hasJank": true,
  "imageLoadTime": 0
}