{
  "pageName": "inlinefunctionsTest138",
  "LCP": 4587.929,
  "FID": 4037.167,
  "CLS": 0,
  "TBT": 3987.1670000000004,
  "renderTime": 4338,
  "jsBundleSizeKB": 11.259765625,
  "hasJank": true,
  "imageLoadTime": 0
}