{
  "pageName": "inlinefunctionsTest152",
  "LCP": 2522.963,
  "FID": 2013.132,
  "CLS": 0,
  "TBT": 1963.131999938965,
  "renderTime": 2295,
  "jsBundleSizeKB": 5.6904296875,
  "hasJank": true,
  "imageLoadTime": 0
}