{
  "pageName": "inlinefunctionsTest21",
  "LCP": 8319.4856,
  "FID": 6073,
  "CLS": 0,
  "TBT": 6158,
  "renderTime": 7913.199910056075,
  "jsBundleSizeKB": 11.84765625,
  "hasJank": true,
  "imageLoadTime": 0
}