{
  "pageName": "inlinefunctionsTest11",
  "LCP": 2078.4532,
  "FID": 144,
  "CLS": 0,
  "TBT": 136,
  "renderTime": 1294.5610239470482,
  "jsBundleSizeKB": 10.083984375,
  "hasJank": false,
  "imageLoadTime": 0
}