{
  "pageName": "inlinefunctionsTest47",
  "LCP": 5561.908,
  "FID": 5033.797,
  "CLS": 0,
  "TBT": 4983.796999938965,
  "renderTime": 5423,
  "jsBundleSizeKB": 11.548828125,
  "hasJank": true,
  "imageLoadTime": 0
}