{
  "pageName": "inlinefunctionsTest91",
  "LCP": 5540.765,
  "FID": 5042.501,
  "CLS": 0,
  "TBT": 4992.500999999999,
  "renderTime": 5350,
  "jsBundleSizeKB": 14.482421875,
  "hasJank": true,
  "imageLoadTime": 0
}