{
  "pageName": "inlinefunctionsTest260",
  "LCP": 515.725,
  "FID": 2004.082,
  "CLS": 0,
  "TBT": 1954.0819998779298,
  "renderTime": 476,
  "jsBundleSizeKB": 8.623046875,
  "hasJank": true,
  "imageLoadTime": 0
}