{
  "pageName": "inlinefunctionsTest228",
  "LCP": 499.848,
  "FID": 2002.651,
  "CLS": 0,
  "TBT": 1952.6509999389648,
  "renderTime": 454,
  "jsBundleSizeKB": 5.1044921875,
  "hasJank": true,
  "imageLoadTime": 0
}