{
  "pageName": "inlinefunctionsTest226",
  "LCP": 4551.525,
  "FID": 4029.915,
  "CLS": 0,
  "TBT": 3979.914999938965,
  "renderTime": 4300,
  "jsBundleSizeKB": 8.6201171875,
  "hasJank": true,
  "imageLoadTime": 0
}