{
  "pageName": "inlinefunctionsTest13",
  "LCP": 11843.341550000001,
  "FID": 10000,
  "CLS": 0,
  "TBT": 10047,
  "renderTime": 4722.839815997275,
  "jsBundleSizeKB": 8.6220703125,
  "hasJank": true,
  "imageLoadTime": 0
}