{
  "pageName": "inlinefunctionsTest143",
  "LCP": 5599.727,
  "FID": 5034.351,
  "CLS": 0,
  "TBT": 4984.350999938965,
  "renderTime": 5526,
  "jsBundleSizeKB": 10.3740234375,
  "hasJank": true,
  "imageLoadTime": 0
}