{
  "pageName": "inlinefunctionsTest151",
  "LCP": 5590.279,
  "FID": 5025.67,
  "CLS": 0,
  "TBT": 4975.669999938965,
  "renderTime": 5451,
  "jsBundleSizeKB": 10.08203125,
  "hasJank": true,
  "imageLoadTime": 0
}