{
  "pageName": "inlinefunctionsTest218",
  "LCP": 4580.214,
  "FID": 4025.508,
  "CLS": 0,
  "TBT": 3975.5080000000003,
  "renderTime": 4403,
  "jsBundleSizeKB": 9.498046875,
  "hasJank": true,
  "imageLoadTime": 0
}