{
  "pageName": "inlinefunctionsTest282",
  "LCP": 4543.7,
  "FID": 4018.22,
  "CLS": 0,
  "TBT": 3968.219999938965,
  "renderTime": 4501,
  "jsBundleSizeKB": 9.498046875,
  "hasJank": true,
  "imageLoadTime": 0
}