{
  "pageName": "inlinefunctionsTest153",
  "LCP": 3539.293,
  "FID": 3015.106,
  "CLS": 0,
  "TBT": 2965.1059999389645,
  "renderTime": 3367,
  "jsBundleSizeKB": 8.0341796875,
  "hasJank": true,
  "imageLoadTime": 0
}