{
  "pageName": "inlinefunctionsTest213",
  "LCP": 3518.103,
  "FID": 3023.243,
  "CLS": 0,
  "TBT": 2973.242999938965,
  "renderTime": 3321,
  "jsBundleSizeKB": 8.9140625,
  "hasJank": true,
  "imageLoadTime": 0
}