{
  "pageName": "inlinefunctionsTest38",
  "LCP": 4559.406,
  "FID": 4038.76,
  "CLS": 0,
  "TBT": 3988.7599999999998,
  "renderTime": 4299,
  "jsBundleSizeKB": 10.671875,
  "hasJank": true,
  "imageLoadTime": 0
}