{
  "pageName": "inlinefunctionsTest110",
  "LCP": 4550.107,
  "FID": 4030.917,
  "CLS": 0,
  "TBT": 3980.9169999389646,
  "renderTime": 4343,
  "jsBundleSizeKB": 11.2587890625,
  "hasJank": true,
  "imageLoadTime": 0
}