{
  "pageName": "inlinefunctionsTest9",
  "LCP": 1618.8884999999998,
  "FID": 146,
  "CLS": 0,
  "TBT": 134,
  "renderTime": 777.1202640319634,
  "jsBundleSizeKB": 5.39453125,
  "hasJank": false,
  "imageLoadTime": 0
}