{
  "pageName": "inlinefunctionsTest190",
  "LCP": 4584.116,
  "FID": 4041.075,
  "CLS": 0,
  "TBT": 3991.074999938965,
  "renderTime": 4364,
  "jsBundleSizeKB": 13.3115234375,
  "hasJank": true,
  "imageLoadTime": 0
}