{
  "pageName": "inlinefunctionsTest10",
  "LCP": 12000.1513,
  "FID": 10000,
  "CLS": 0,
  "TBT": 10048,
  "renderTime": 6235.67612001966,
  "jsBundleSizeKB": 9.7939453125,
  "hasJank": true,
  "imageLoadTime": 0
}