{
  "pageName": "inlinefunctionsTest29",
  "LCP": 2016.4735000000003,
  "FID": 149,
  "CLS": 0,
  "TBT": 186,
  "renderTime": 785.5096199702263,
  "jsBundleSizeKB": 8.9140625,
  "hasJank": false,
  "imageLoadTime": 0
}