{
  "pageName": "inlinefunctionsTest142",
  "LCP": 4584.447,
  "FID": 4034.815,
  "CLS": 0,
  "TBT": 3984.8150000000005,
  "renderTime": 4373,
  "jsBundleSizeKB": 10.3779296875,
  "hasJank": true,
  "imageLoadTime": 0
}