{
  "pageName": "inlinefunctionsTest4",
  "LCP": 9764.614,
  "FID": 8080,
  "CLS": 0,
  "TBT": 8126,
  "renderTime": 3335.083751989479,
  "jsBundleSizeKB": 5.9853515625,
  "hasJank": true,
  "imageLoadTime": 0
}