{
  "pageName": "inlinefunctionsTest67",
  "LCP": 5588.172,
  "FID": 5034.939,
  "CLS": 0,
  "TBT": 4984.93899987793,
  "renderTime": 5386,
  "jsBundleSizeKB": 14.189453125,
  "hasJank": true,
  "imageLoadTime": 0
}