{
  "pageName": "inlinefunctionsTest150",
  "LCP": 4544.443,
  "FID": 4033.192,
  "CLS": 0,
  "TBT": 3983.1920000000005,
  "renderTime": 4372,
  "jsBundleSizeKB": 10.96484375,
  "hasJank": true,
  "imageLoadTime": 0
}