{
  "pageName": "inlinefunctionsTest8",
  "LCP": 1560.5579999999998,
  "FID": 146,
  "CLS": 0,
  "TBT": 96,
  "renderTime": 1153.2857780119896,
  "jsBundleSizeKB": 6.27734375,
  "hasJank": false,
  "imageLoadTime": 0
}