{
  "pageName": "inlinefunctionsTest7",
  "LCP": 2374.642,
  "FID": 178,
  "CLS": 0,
  "TBT": 282,
  "renderTime": 816.2767860187054,
  "jsBundleSizeKB": 11.5498046875,
  "hasJank": false,
  "imageLoadTime": 0
}