{
  "pageName": "inlinefunctionsTest177",
  "LCP": 3539.319,
  "FID": 3025.597,
  "CLS": 0,
  "TBT": 2975.5969999999998,
  "renderTime": 3298,
  "jsBundleSizeKB": 6.861328125,
  "hasJank": true,
  "imageLoadTime": 0
}