{
  "pageName": "inlinefunctionsTest208",
  "LCP": 2537.218,
  "FID": 2020.769,
  "CLS": 0,
  "TBT": 1970.7690000000002,
  "renderTime": 2378,
  "jsBundleSizeKB": 5.9853515625,
  "hasJank": true,
  "imageLoadTime": 0
}