{
  "pageName": "lazyloadingTest37",
  "LCP": 531.119,
  "FID": 79.864,
  "CLS": 0,
  "TBT": 29.864000000000033,
  "renderTime": 498,
  "jsBundleSizeKB": 13.669921875,
  "hasJank": false,
  "imageLoadTime": 0
}