{
  "pageName": "lazyloadingTest5",
  "LCP": 2005.5404999999998,
  "FID": 417,
  "CLS": 0,
  "TBT": 409.6540500000001,
  "renderTime": 905.1297680188322,
  "jsBundleSizeKB": 8.6201171875,
  "hasJank": true,
  "imageLoadTime": 0
}