{
  "pageName": "lazyloadingTest234",
  "LCP": 4624.801,
  "FID": 4030.857,
  "CLS": 0,
  "TBT": 3980.8570000000004,
  "renderTime": 4466,
  "jsBundleSizeKB": 11.9091796875,
  "hasJank": true,
  "imageLoadTime": 0
}