{
  "pageName": "lazyloadingTest4",
  "LCP": 2032.3537000000001,
  "FID": 247,
  "CLS": 0,
  "TBT": 386,
  "renderTime": 828.2054840322304,
  "jsBundleSizeKB": 8.3955078125,
  "hasJank": true,
  "imageLoadTime": 0
}