{
  "pageName": "lazyloadingTest6",
  "LCP": 2138.5986,
  "FID": 412,
  "CLS": 0,
  "TBT": 375,
  "renderTime": 1845.985827971401,
  "jsBundleSizeKB": 10.44140625,
  "hasJank": true,
  "imageLoadTime": 0
}