{
  "pageName": "lazyloadingTest10",
  "LCP": 2114.8095,
  "FID": 414,
  "CLS": 0,
  "TBT": 401,
  "renderTime": 899.0164840322971,
  "jsBundleSizeKB": 10.9658203125,
  "hasJank": false,
  "imageLoadTime": 0
}