{
  "pageName": "lazyloadingTest171",
  "LCP": 529.554,
  "FID": 79.44,
  "CLS": 0,
  "TBT": 29.440000000000055,
  "renderTime": 491,
  "jsBundleSizeKB": 14.83984375,
  "hasJank": false,
  "imageLoadTime": 0
}