{
  "pageName": "lazyloadingTest30",
  "LCP": 1696.1732999999997,
  "FID": 9999.999999999998,
  "CLS": 0.00006389272514696396,
  "TBT": 10048.999999999998,
  "renderTime": 1776.9993579997717,
  "jsBundleSizeKB": 9.8564453125,
  "hasJank": true,
  "imageLoadTime": 0
}