{
  "pageName": "lazyloadingTest20",
  "LCP": 2181.9815,
  "FID": 440,
  "CLS": 0,
  "TBT": 501,
  "renderTime": 1422.6586060106279,
  "jsBundleSizeKB": 7.5146484375,
  "hasJank": true,
  "imageLoadTime": 0
}