{
  "pageName": "lazyloadingTest20",
  "LCP": 1696.2608999999998,
  "FID": 222,
  "CLS": 0.0004552394741032118,
  "TBT": 293,
  "renderTime": 879.27930999249,
  "jsBundleSizeKB": 8.6875,
  "hasJank": true,
  "imageLoadTime": 0
}