{
  "pageName": "lazyloadingTest3",
  "LCP": 2677.3577999999993,
  "FID": 448,
  "CLS": 0,
  "TBT": 452,
  "renderTime": 1059.2165320481586,
  "jsBundleSizeKB": 11.84375,
  "hasJank": true,
  "imageLoadTime": 0
}