{
  "pageName": "lazyloadingTest30",
  "LCP": 12466.601749999998,
  "FID": 10000,
  "CLS": 0,
  "TBT": 10372,
  "renderTime": 6959.8987840069285,
  "jsBundleSizeKB": 10.96484375,
  "hasJank": true,
  "imageLoadTime": 0
}