{
  "pageName": "lazyloadingTest215",
  "LCP": 5557.836,
  "FID": 5043.001,
  "CLS": 0.1348572384271188,
  "TBT": 4995.464999938965,
  "renderTime": 5728,
  "jsBundleSizeKB": 14.83984375,
  "hasJank": true,
  "imageLoadTime": 0
}