{
  "pageName": "lazyloadingTest78",
  "LCP": 531.37,
  "FID": 33.214,
  "CLS": 0.13081939056247596,
  "TBT": 0,
  "renderTime": 951,
  "jsBundleSizeKB": 8.9765625,
  "hasJank": false,
  "imageLoadTime": 0
}