{
  "pageName": "lazyloadingTest16",
  "LCP": 1775.37375,
  "FID": 243,
  "CLS": 0,
  "TBT": 330,
  "renderTime": 1225.086364003992,
  "jsBundleSizeKB": 6.3427734375,
  "hasJank": true,
  "imageLoadTime": 0
}