{
  "pageName": "lazyloadingTest23",
  "LCP": 2416.2525499999997,
  "FID": 434,
  "CLS": 0,
  "TBT": 482,
  "renderTime": 934.0637339607333,
  "jsBundleSizeKB": 8.908203125,
  "hasJank": false,
  "imageLoadTime": 0
}