{
  "pageName": "lazyloadingTest14",
  "LCP": 2085.8382,
  "FID": 151,
  "CLS": 0.12354191156362083,
  "TBT": 142,
  "renderTime": 2079.7821659992455,
  "jsBundleSizeKB": 8.6845703125,
  "hasJank": false,
  "imageLoadTime": 0
}