{
  "pageName": "lazyloadingTest191",
  "LCP": 555.106,
  "FID": 59.359,
  "CLS": 0,
  "TBT": 9.359000000000378,
  "renderTime": 513,
  "jsBundleSizeKB": 11.9052734375,
  "hasJank": false,
  "imageLoadTime": 0
}