{
  "pageName": "lazyloadingTest178",
  "LCP": 4601.857,
  "FID": 4023.344,
  "CLS": 0,
  "TBT": 3973.3440000000005,
  "renderTime": 4432,
  "jsBundleSizeKB": 10.1494140625,
  "hasJank": true,
  "imageLoadTime": 0
}