{
  "pageName": "lazyloadingTest89",
  "LCP": 522.796,
  "FID": 32.599,
  "CLS": 0.16111561250002457,
  "TBT": 0,
  "renderTime": 986,
  "jsBundleSizeKB": 9.8583984375,
  "hasJank": false,
  "imageLoadTime": 0
}