{
  "pageName": "lazyloadingTest180",
  "LCP": 2545.104,
  "FID": 2023.913,
  "CLS": 0,
  "TBT": 1973.912999938965,
  "renderTime": 2454,
  "jsBundleSizeKB": 9.2734375,
  "hasJank": true,
  "imageLoadTime": 0
}