{
  "pageName": "lazyloadingTest231",
  "LCP": 5633.848,
  "FID": 5039.351,
  "CLS": 0.17226860841901745,
  "TBT": 4989.351,
  "renderTime": 5840,
  "jsBundleSizeKB": 13.0810546875,
  "hasJank": true,
  "imageLoadTime": 0
}