{
  "pageName": "lazyloadingTest174",
  "LCP": 529.481,
  "FID": 54.887,
  "CLS": 0,
  "TBT": 4.887000000000171,
  "renderTime": 494,
  "jsBundleSizeKB": 10.7353515625,
  "hasJank": false,
  "imageLoadTime": 0
}