{
  "pageName": "lazyloadingTest199",
  "LCP": 526.366,
  "FID": 21.925,
  "CLS": 0.23567013016160984,
  "TBT": 0,
  "renderTime": 1242,
  "jsBundleSizeKB": 13.89453125,
  "hasJank": false,
  "imageLoadTime": 0
}