{
  "pageName": "lazyloadingTest18",
  "LCP": 10846.659,
  "FID": 8087,
  "CLS": 0,
  "TBT": 8469,
  "renderTime": 10415.222673966175,
  "jsBundleSizeKB": 13.6064453125,
  "hasJank": true,
  "imageLoadTime": 0
}