{
  "pageName": "lazyloadingTest13",
  "LCP": 12169.124800000001,
  "FID": 10000,
  "CLS": 0,
  "TBT": 10404,
  "renderTime": 5082.388789971527,
  "jsBundleSizeKB": 9.20703125,
  "hasJank": true,
  "imageLoadTime": 0
}