{
  "pageName": "lazyloadingTest7",
  "LCP": 2869.2154499999997,
  "FID": 530,
  "CLS": 0,
  "TBT": 648,
  "renderTime": 965.2764080047797,
  "jsBundleSizeKB": 13.3740234375,
  "hasJank": true,
  "imageLoadTime": 0
}