{
  "pageName": "lazyloadingTest25",
  "LCP": 1802.0729999999999,
  "FID": 413,
  "CLS": 0.0022122303444711373,
  "TBT": 413,
  "renderTime": 900.8599640091323,
  "jsBundleSizeKB": 7.5126953125,
  "hasJank": false,
  "imageLoadTime": 0
}