{
  "pageName": "lazyloadingTest16",
  "LCP": 9996.6882,
  "FID": 8015,
  "CLS": 0,
  "TBT": 8370,
  "renderTime": 4741.924351975326,
  "jsBundleSizeKB": 7.22265625,
  "hasJank": true,
  "imageLoadTime": 0
}