{
  "pageName": "lazyloadingTest211",
  "LCP": 510.552,
  "FID": 16.916,
  "CLS": 0.22992941993871505,
  "TBT": 0,
  "renderTime": 1213,
  "jsBundleSizeKB": 12.720703125,
  "hasJank": false,
  "imageLoadTime": 0
}