{
  "pageName": "lazyloadingTest108",
  "LCP": 2549.98,
  "FID": 2032.03,
  "CLS": 0,
  "TBT": 1982.0300000000002,
  "renderTime": 2399,
  "jsBundleSizeKB": 11.8505859375,
  "hasJank": true,
  "imageLoadTime": 0
}