{
  "pageName": "lazyloadingTest11",
  "LCP": 2306.3256,
  "FID": 411,
  "CLS": 0,
  "TBT": 401,
  "renderTime": 977.7713359750796,
  "jsBundleSizeKB": 10.439453125,
  "hasJank": true,
  "imageLoadTime": 0
}