{
  "pageName": "lazyloadingTest21",
  "LCP": 2129.7075999999997,
  "FID": 433,
  "CLS": 0,
  "TBT": 476,
  "renderTime": 3491.571374007196,
  "jsBundleSizeKB": 7.8056640625,
  "hasJank": true,
  "imageLoadTime": 0
}