{
  "pageName": "lazyloadingTest24",
  "LCP": 1996.4649,
  "FID": 430,
  "CLS": 0,
  "TBT": 396,
  "renderTime": 941.2782240280246,
  "jsBundleSizeKB": 6.2783203125,
  "hasJank": true,
  "imageLoadTime": 0
}