{
  "pageName": "lazyloadingTest14",
  "LCP": 1969.938,
  "FID": 426,
  "CLS": 0,
  "TBT": 430,
  "renderTime": 1003.1205879788777,
  "jsBundleSizeKB": 8.3251953125,
  "hasJank": true,
  "imageLoadTime": 0
}