{
  "pageName": "lazyloadingTest193",
  "LCP": 505.299,
  "FID": 22.091,
  "CLS": 0.1611398008857952,
  "TBT": 0,
  "renderTime": 901,
  "jsBundleSizeKB": 13.9638671875,
  "hasJank": false,
  "imageLoadTime": 0
}