{
  "pageName": "lazyloadingTest23",
  "LCP": 2142.6504000000004,
  "FID": 174,
  "CLS": 0,
  "TBT": 204.99999999999977,
  "renderTime": 829.5467439437103,
  "jsBundleSizeKB": 10.4404296875,
  "hasJank": false,
  "imageLoadTime": 0
}