{
  "pageName": "lazyloadingTest7",
  "LCP": 1903.3233999999998,
  "FID": 154,
  "CLS": 0,
  "TBT": 185,
  "renderTime": 1345.3753960100269,
  "jsBundleSizeKB": 11.611328125,
  "hasJank": false,
  "imageLoadTime": 0
}