{
  "pageName": "lazyloadingTest118",
  "LCP": 500.004,
  "FID": 21.42,
  "CLS": 0.12109028428584712,
  "TBT": 0,
  "renderTime": 930,
  "jsBundleSizeKB": 8.9765625,
  "hasJank": false,
  "imageLoadTime": 0
}