{
  "pageName": "lazyloadingTest128",
  "LCP": 546.358,
  "FID": 58.323,
  "CLS": 0.11967338239937234,
  "TBT": 8.323000000000093,
  "renderTime": 1222,
  "jsBundleSizeKB": 7.7431640625,
  "hasJank": false,
  "imageLoadTime": 0
}