{
  "pageName": "lazyloadingTest15",
  "LCP": 12422.567350000001,
  "FID": 10000,
  "CLS": 0,
  "TBT": 10331,
  "renderTime": 7749.8783899439895,
  "jsBundleSizeKB": 11.90625,
  "hasJank": true,
  "imageLoadTime": 0
}