{
  "pageName": "lazyloadingTest244",
  "LCP": 2539.9,
  "FID": 2035.365,
  "CLS": 0.06897775094224692,
  "TBT": 1985.364999938965,
  "renderTime": 2869,
  "jsBundleSizeKB": 8.0380859375,
  "hasJank": true,
  "imageLoadTime": 0
}