{
  "pageName": "lazyloadingTest8",
  "LCP": 1861.7299999999996,
  "FID": 242,
  "CLS": 0,
  "TBT": 290,
  "renderTime": 842.6134939604998,
  "jsBundleSizeKB": 8.39453125,
  "hasJank": true,
  "imageLoadTime": 0
}