{
  "pageName": "lazyloadingTest248",
  "LCP": 2578.213,
  "FID": 16,
  "CLS": 0.04041574667783809,
  "TBT": 0,
  "renderTime": 1530,
  "jsBundleSizeKB": 6.3408203125,
  "hasJank": false,
  "imageLoadTime": 0
}