{
  "pageName": "lazyloadingTest56",
  "LCP": 3601.375,
  "FID": 2018.172,
  "CLS": 0,
  "TBT": 1984.0410000000002,
  "renderTime": 3485,
  "jsBundleSizeKB": 7.22265625,
  "hasJank": true,
  "imageLoadTime": 0
}