{
  "pageName": "lazyloadingTest2",
  "LCP": 12425.0504,
  "FID": 10000,
  "CLS": 0.00007614470245612237,
  "TBT": 10330,
  "renderTime": 6416.594700006469,
  "jsBundleSizeKB": 11.3203125,
  "hasJank": true,
  "imageLoadTime": 0
}