{
  "pageName": "lazyloadingTest72",
  "LCP": 2616.284,
  "FID": 64.486,
  "CLS": 0.03742710856824007,
  "TBT": 14.485999999999876,
  "renderTime": 1593,
  "jsBundleSizeKB": 6.927734375,
  "hasJank": false,
  "imageLoadTime": 0
}