{
  "pageName": "lazyloadingTest5",
  "LCP": 2322.2335999999996,
  "FID": 152,
  "CLS": 0,
  "TBT": 212,
  "renderTime": 1454.9754059851264,
  "jsBundleSizeKB": 12.2060546875,
  "hasJank": false,
  "imageLoadTime": 0
}