{
  "pageName": "lazyloadingTest29",
  "LCP": 12132.4269,
  "FID": 10000,
  "CLS": 0,
  "TBT": 10344,
  "renderTime": 5002.40948399835,
  "jsBundleSizeKB": 8.9794921875,
  "hasJank": true,
  "imageLoadTime": 0
}