{
  "pageName": "lazyloadingTest1",
  "LCP": 1976.35775,
  "FID": 432,
  "CLS": 0,
  "TBT": 686.9999999999998,
  "renderTime": 1463.6608260190392,
  "jsBundleSizeKB": 8.6845703125,
  "hasJank": true,
  "imageLoadTime": 0
}