{
  "pageName": "lazyloadingTest19",
  "LCP": 2122.8087499999997,
  "FID": 147,
  "CLS": 0.2347068948882552,
  "TBT": 193.50000000000045,
  "renderTime": 2286.204590025902,
  "jsBundleSizeKB": 13.6669921875,
  "hasJank": true,
  "imageLoadTime": 0
}