{
  "pageName": "lazyloadingTest177",
  "LCP": 511.604,
  "FID": 16,
  "CLS": 0.23567013016160984,
  "TBT": 0,
  "renderTime": 950,
  "jsBundleSizeKB": 9.794921875,
  "hasJank": false,
  "imageLoadTime": 0
}