{
  "pageName": "lazyloadingTest27",
  "LCP": 12594.313299999998,
  "FID": 10000,
  "CLS": 0,
  "TBT": 10357,
  "renderTime": 7725.8311180473365,
  "jsBundleSizeKB": 12.7861328125,
  "hasJank": true,
  "imageLoadTime": 0
}