{
  "pageName": "lazyloadingTest300",
  "LCP": 2539.132,
  "FID": 2038.401,
  "CLS": 0.001566702911200874,
  "TBT": 1988.4009999999998,
  "renderTime": 2453,
  "jsBundleSizeKB": 12.2080078125,
  "hasJank": true,
  "imageLoadTime": 0
}