{
  "pageName": "lazyloadingTest38",
  "LCP": 4577.593,
  "FID": 4023.505,
  "CLS": 0,
  "TBT": 3973.504999938965,
  "renderTime": 4450,
  "jsBundleSizeKB": 11.2578125,
  "hasJank": true,
  "imageLoadTime": 0
}