{
  "pageName": "lazyloadingTest19",
  "LCP": 2744.1474999999996,
  "FID": 430,
  "CLS": 0,
  "TBT": 446,
  "renderTime": 1655.9016720203877,
  "jsBundleSizeKB": 13.8955078125,
  "hasJank": true,
  "imageLoadTime": 0
}