{
  "pageName": "lazyloadingTest22",
  "LCP": 2579.1484499999997,
  "FID": 434,
  "CLS": 0,
  "TBT": 596,
  "renderTime": 2368.456159962482,
  "jsBundleSizeKB": 11.6142578125,
  "hasJank": true,
  "imageLoadTime": 0
}