{
  "pageName": "lazyloadingTest4",
  "LCP": 1814.373,
  "FID": 425,
  "CLS": 0.09644393174463252,
  "TBT": 387,
  "renderTime": 1887.9490360393997,
  "jsBundleSizeKB": 5.9833984375,
  "hasJank": false,
  "imageLoadTime": 0
}