{
  "pageName": "lazyloadingTest9",
  "LCP": 2376.3002,
  "FID": 429,
  "CLS": 0.23567013016160984,
  "TBT": 826.0000000000005,
  "renderTime": 1629.5119079884912,
  "jsBundleSizeKB": 10.4453125,
  "hasJank": true,
  "imageLoadTime": 0
}