{
  "pageName": "lazyloadingTest12",
  "LCP": 2412.32515,
  "FID": 431,
  "CLS": 0,
  "TBT": 479,
  "renderTime": 927.6873759637642,
  "jsBundleSizeKB": 9.2099609375,
  "hasJank": true,
  "imageLoadTime": 0
}