{
  "pageName": "lazyloadingTest183",
  "LCP": 5582.606,
  "FID": 5036.07,
  "CLS": 0,
  "TBT": 4986.070000000001,
  "renderTime": 5378,
  "jsBundleSizeKB": 12.4912109375,
  "hasJank": true,
  "imageLoadTime": 0
}