{
  "pageName": "lazyloadingTest17",
  "LCP": 2103.135,
  "FID": 414,
  "CLS": 0,
  "TBT": 414,
  "renderTime": 3545.2713279819486,
  "jsBundleSizeKB": 6.6318359375,
  "hasJank": false,
  "imageLoadTime": 0
}