{
  "pageName": "lazyloadingTest8",
  "LCP": 1841.3667999999998,
  "FID": 431,
  "CLS": 0,
  "TBT": 401,
  "renderTime": 3540.0523840220494,
  "jsBundleSizeKB": 4.2880859375,
  "hasJank": true,
  "imageLoadTime": 0
}