{
  "pageName": "missinguseMemoTest2",
  "LCP": 2426.1116,
  "FID": 433,
  "CLS": 0,
  "TBT": 513,
  "renderTime": 1691.3110399586105,
  "jsBundleSizeKB": 11.041015625,
  "hasJank": true,
  "imageLoadTime": 0
}