{
  "pageName": "missinguseMemoTest86",
  "LCP": 6424.315200000001,
  "FID": 8080.999999999999,
  "CLS": 0,
  "TBT": 9070.0557,
  "renderTime": 10396.30042398216,
  "jsBundleSizeKB": 11.333984375,
  "hasJank": true,
  "imageLoadTime": 0
}