{
  "pageName": "missinguseMemoTest29",
  "LCP": 1548.9844,
  "FID": 156,
  "CLS": 0.35350519524241475,
  "TBT": 180,
  "renderTime": 1404.5111519932175,
  "jsBundleSizeKB": 5.173828125,
  "hasJank": false,
  "imageLoadTime": 0
}