{
  "pageName": "missinguseMemoTest212",
  "LCP": 2129.3563,
  "FID": 8072,
  "CLS": 0,
  "TBT": 8416,
  "renderTime": 4916.985375981254,
  "jsBundleSizeKB": 6.3466796875,
  "hasJank": true,
  "imageLoadTime": 0
}