{
  "pageName": "missinguseMemoTest111",
  "LCP": 1987.487,
  "FID": 432,
  "CLS": 0.3441201015634126,
  "TBT": 463,
  "renderTime": 1551.4337279924964,
  "jsBundleSizeKB": 9.5595703125,
  "hasJank": true,
  "imageLoadTime": 0
}