{
  "pageName": "missinguseMemoTest197",
  "LCP": 2130.9943,
  "FID": 426,
  "CLS": 0,
  "TBT": 464,
  "renderTime": 1313.6015520239926,
  "jsBundleSizeKB": 10.087890625,
  "hasJank": true,
  "imageLoadTime": 0
}