{
  "pageName": "missinguseMemoTest21",
  "LCP": 1543.12875,
  "FID": 254.00000000000023,
  "CLS": 0,
  "TBT": 307.0000000000002,
  "renderTime": 900.1948620120767,
  "jsBundleSizeKB": 5.7607421875,
  "hasJank": true,
  "imageLoadTime": 0
}