{
  "pageName": "missinguseMemoTest85",
  "LCP": 2393.01735,
  "FID": 420,
  "CLS": 0,
  "TBT": 484,
  "renderTime": 1643.9509399365807,
  "jsBundleSizeKB": 13.0849609375,
  "hasJank": true,
  "imageLoadTime": 0
}