{
  "pageName": "missinguseMemoTest159",
  "LCP": 2195.453,
  "FID": 10000,
  "CLS": 0.16767496520133404,
  "TBT": 10466.5,
  "renderTime": 8405.655685984826,
  "jsBundleSizeKB": 9.2802734375,
  "hasJank": true,
  "imageLoadTime": 0
}