{
  "pageName": "missinguseMemoTest247",
  "LCP": 2155.4379,
  "FID": 446,
  "CLS": 0.23009067584385254,
  "TBT": 509,
  "renderTime": 1529.3895139679764,
  "jsBundleSizeKB": 8.10546875,
  "hasJank": true,
  "imageLoadTime": 0
}