{
  "pageName": "missinguseMemoTest209",
  "LCP": 2030.9631,
  "FID": 441,
  "CLS": 0.22231599113749015,
  "TBT": 468.9999999999998,
  "renderTime": 2168.4155299718286,
  "jsBundleSizeKB": 9.2734375,
  "hasJank": true,
  "imageLoadTime": 0
}