{
  "pageName": "missinguseMemoTest6",
  "LCP": 1695.1222000000002,
  "FID": 10000.000000000002,
  "CLS": 0,
  "TBT": 10082,
  "renderTime": 6221.627330027203,
  "jsBundleSizeKB": 7.2275390625,
  "hasJank": true,
  "imageLoadTime": 0
}