{
  "pageName": "missinguseMemoTest213",
  "LCP": 2142.3506,
  "FID": 10000,
  "CLS": 0,
  "TBT": 10809.4502,
  "renderTime": 5488.928316031055,
  "jsBundleSizeKB": 8.6923828125,
  "hasJank": true,
  "imageLoadTime": 0
}