{
  "pageName": "missinguseMemoTest181",
  "LCP": 1845.7764,
  "FID": 429,
  "CLS": 0,
  "TBT": 418,
  "renderTime": 1410.5266499966956,
  "jsBundleSizeKB": 5.1748046875,
  "hasJank": true,
  "imageLoadTime": 0
}