{
  "pageName": "missinguseMemoTest26",
  "LCP": 2173.1309499999998,
  "FID": 432,
  "CLS": 0.1358742256688526,
  "TBT": 398,
  "renderTime": 2118.767964008932,
  "jsBundleSizeKB": 8.921875,
  "hasJank": true,
  "imageLoadTime": 0
}