{
  "pageName": "missinguseMemoTest127",
  "LCP": 2411.4784,
  "FID": 425,
  "CLS": 0.23567013016160984,
  "TBT": 511,
  "renderTime": 2382.792480018959,
  "jsBundleSizeKB": 10.9765625,
  "hasJank": true,
  "imageLoadTime": 0
}