{
  "pageName": "missinguseMemoTest6",
  "LCP": 2185.04805,
  "FID": 429,
  "CLS": 0.14951325012538186,
  "TBT": 981.0000000000002,
  "renderTime": 2303.522546012731,
  "jsBundleSizeKB": 8.986328125,
  "hasJank": true,
  "imageLoadTime": 0
}