{
  "pageName": "missinguseMemoTest94",
  "LCP": 10417.43305,
  "FID": 8087.999999999999,
  "CLS": 0.06821447299126279,
  "TBT": 8938,
  "renderTime": 10776.553659990353,
  "jsBundleSizeKB": 11.2578125,
  "hasJank": true,
  "imageLoadTime": 0
}