{
  "pageName": "missinguseMemoTest47",
  "LCP": 7413.7852,
  "FID": 10000,
  "CLS": 0,
  "TBT": 10349,
  "renderTime": 12594.059104042844,
  "jsBundleSizeKB": 11.26953125,
  "hasJank": true,
  "imageLoadTime": 0
}