{
  "pageName": "missinguseMemoTest176",
  "LCP": 3927.7313749999994,
  "FID": 4053,
  "CLS": 0,
  "TBT": 4397,
  "renderTime": 7044.93207994616,
  "jsBundleSizeKB": 5.7607421875,
  "hasJank": true,
  "imageLoadTime": 0
}