{
  "pageName": "missinguseMemoTest114",
  "LCP": 10208.6726,
  "FID": 8075,
  "CLS": 0.06337894591587313,
  "TBT": 8445,
  "renderTime": 10680.466744012301,
  "jsBundleSizeKB": 9.2705078125,
  "hasJank": true,
  "imageLoadTime": 0
}