{
  "pageName": "missinguseMemoTest170",
  "LCP": 2138.96925,
  "FID": 431,
  "CLS": 0,
  "TBT": 726,
  "renderTime": 946.8298319999933,
  "jsBundleSizeKB": 9.572265625,
  "hasJank": true,
  "imageLoadTime": 0
}