{
  "pageName": "missinguseMemoTest202",
  "LCP": 2406.60535,
  "FID": 428,
  "CLS": 0.08325104862565033,
  "TBT": 533,
  "renderTime": 2403.050525977149,
  "jsBundleSizeKB": 11.0400390625,
  "hasJank": true,
  "imageLoadTime": 0
}