{
  "pageName": "missinguseMemoTest158",
  "LCP": 2133.6588500000003,
  "FID": 10000,
  "CLS": 0,
  "TBT": 10351,
  "renderTime": 6357.832811990947,
  "jsBundleSizeKB": 9.27734375,
  "hasJank": true,
  "imageLoadTime": 0
}