{
  "pageName": "missinguseMemoTest239",
  "LCP": 12510.998000000001,
  "FID": 10000,
  "CLS": 0.1693251506305744,
  "TBT": 11250.500000000002,
  "renderTime": 8878.593604045915,
  "jsBundleSizeKB": 12.19921875,
  "hasJank": true,
  "imageLoadTime": 0
}