{
  "pageName": "missinguseMemoTest126",
  "LCP": 1980.7858,
  "FID": 10000,
  "CLS": 0,
  "TBT": 10822,
  "renderTime": 6859.97787794036,
  "jsBundleSizeKB": 7.51953125,
  "hasJank": true,
  "imageLoadTime": 0
}