{
  "pageName": "missinguseMemoTest65",
  "LCP": 2130.5571999999997,
  "FID": 427,
  "CLS": 0.16301036938539012,
  "TBT": 763.9999999999998,
  "renderTime": 2132.46933598753,
  "jsBundleSizeKB": 9.5,
  "hasJank": true,
  "imageLoadTime": 0
}