{
  "pageName": "missinguseMemoTest124",
  "LCP": 1976.0681,
  "FID": 8045,
  "CLS": 0.009951997772174417,
  "TBT": 8475,
  "renderTime": 3938.718774040975,
  "jsBundleSizeKB": 5.759765625,
  "hasJank": true,
  "imageLoadTime": 0
}