{
  "pageName": "missinguseMemoTest19",
  "LCP": 2412.5528,
  "FID": 426,
  "CLS": 0,
  "TBT": 545,
  "renderTime": 1667.5674720030975,
  "jsBundleSizeKB": 11.0400390625,
  "hasJank": true,
  "imageLoadTime": 0
}