{
  "pageName": "missinguseMemoTest24",
  "LCP": 2188.7313,
  "FID": 458,
  "CLS": 0.08520224507781402,
  "TBT": 743,
  "renderTime": 2554.364271998424,
  "jsBundleSizeKB": 8.1064453125,
  "hasJank": true,
  "imageLoadTime": 0
}