{
  "pageName": "missinguseMemoTest7",
  "LCP": 2138.7825,
  "FID": 9999.999999999998,
  "CLS": 0,
  "TBT": 10268.999999999998,
  "renderTime": 7760.63862196815,
  "jsBundleSizeKB": 8.333984375,
  "hasJank": true,
  "imageLoadTime": 0
}