{
  "pageName": "missinguseMemoTest280",
  "LCP": 1820.6979999999999,
  "FID": 419,
  "CLS": 0,
  "TBT": 396,
  "renderTime": 897.2494400121832,
  "jsBundleSizeKB": 7.2216796875,
  "hasJank": true,
  "imageLoadTime": 0
}