{
  "pageName": "missinguseMemoTest287",
  "LCP": 2200.10395,
  "FID": 448,
  "CLS": 0.2156636475308847,
  "TBT": 488,
  "renderTime": 2215.2754579642583,
  "jsBundleSizeKB": 9.2158203125,
  "hasJank": true,
  "imageLoadTime": 0
}