{
  "pageName": "missinguseMemoTest191",
  "LCP": 2048.702,
  "FID": 433,
  "CLS": 0,
  "TBT": 453.5,
  "renderTime": 1396.7848960048198,
  "jsBundleSizeKB": 7.455078125,
  "hasJank": true,
  "imageLoadTime": 0
}