{
  "pageName": "missinguseMemoTest58",
  "LCP": 2190.7453,
  "FID": 421,
  "CLS": 0,
  "TBT": 478,
  "renderTime": 923.384158021469,
  "jsBundleSizeKB": 11.5498046875,
  "hasJank": true,
  "imageLoadTime": 0
}