{
  "pageName": "missinguseMemoTest43",
  "LCP": 2494.2295999999997,
  "FID": 437,
  "CLS": 0,
  "TBT": 558,
  "renderTime": 1701.3619119282625,
  "jsBundleSizeKB": 11.919921875,
  "hasJank": true,
  "imageLoadTime": 0
}