{
  "pageName": "missinguseMemoTest256",
  "LCP": 2122.8866,
  "FID": 417,
  "CLS": 0,
  "TBT": 397,
  "renderTime": 886.8618479506397,
  "jsBundleSizeKB": 7.748046875,
  "hasJank": false,
  "imageLoadTime": 0
}