{
  "pageName": "missinguseMemoTest190",
  "LCP": 2180.55595,
  "FID": 427,
  "CLS": 0.12703740206731792,
  "TBT": 943,
  "renderTime": 2223.322417980914,
  "jsBundleSizeKB": 8.98828125,
  "hasJank": true,
  "imageLoadTime": 0
}