{
  "pageName": "missinguseMemoTest153",
  "LCP": 2132.7449,
  "FID": 424,
  "CLS": 0,
  "TBT": 424,
  "renderTime": 905.8469480501747,
  "jsBundleSizeKB": 7.7490234375,
  "hasJank": false,
  "imageLoadTime": 0
}