{
  "pageName": "missinguseMemoTest1",
  "LCP": 2017.8350000000003,
  "FID": 10000,
  "CLS": 0,
  "TBT": 10768.445,
  "renderTime": 5492.253864016176,
  "jsBundleSizeKB": 7.8125,
  "hasJank": true,
  "imageLoadTime": 0
}