{
  "pageName": "missinguseMemoTest12",
  "LCP": 1540.6262499999998,
  "FID": 149,
  "CLS": 0,
  "TBT": 99,
  "renderTime": 759.8652360096931,
  "jsBundleSizeKB": 6.2783203125,
  "hasJank": false,
  "imageLoadTime": 0
}