{
  "pageName": "missinguseMemoTest21",
  "LCP": 2154.8608999999997,
  "FID": 452,
  "CLS": 0,
  "TBT": 471,
  "renderTime": 932.2552060572909,
  "jsBundleSizeKB": 8.9873046875,
  "hasJank": true,
  "imageLoadTime": 0
}