{
  "pageName": "missinguseMemoTest269",
  "LCP": 1969.478,
  "FID": 418,
  "CLS": 0,
  "TBT": 436,
  "renderTime": 896.3699900075102,
  "jsBundleSizeKB": 8.6845703125,
  "hasJank": true,
  "imageLoadTime": 0
}