{
  "pageName": "missinguseMemoTest277",
  "LCP": 2129.9803,
  "FID": 10000.000000000002,
  "CLS": 0,
  "TBT": 10252.000000000002,
  "renderTime": 5123.092829453312,
  "jsBundleSizeKB": 8.3359375,
  "hasJank": true,
  "imageLoadTime": 0
}