{
  "pageName": "missinguseMemoTest9",
  "LCP": 1688.61425,
  "FID": 249,
  "CLS": 0.22941340104227506,
  "TBT": 524.984275,
  "renderTime": 1869.796988008051,
  "jsBundleSizeKB": 6.6416015625,
  "hasJank": true,
  "imageLoadTime": 0
}