{
  "pageName": "missinguseMemoTest271",
  "LCP": 2480.4491999999996,
  "FID": 440,
  "CLS": 0,
  "TBT": 460,
  "renderTime": 1737.9563900331782,
  "jsBundleSizeKB": 11.2705078125,
  "hasJank": true,
  "imageLoadTime": 0
}