{
  "pageName": "missinguseMemoTest53",
  "LCP": 1973.5331999999999,
  "FID": 10000,
  "CLS": 0.16401015599724258,
  "TBT": 10361.2111,
  "renderTime": 5535.985816026216,
  "jsBundleSizeKB": 7.1611328125,
  "hasJank": true,
  "imageLoadTime": 0
}