{
  "pageName": "missinguseMemoTest200",
  "LCP": 1672.437,
  "FID": 432,
  "CLS": 0,
  "TBT": 401,
  "renderTime": 898.2611740104674,
  "jsBundleSizeKB": 3.9365234375,
  "hasJank": false,
  "imageLoadTime": 0
}