{
  "pageName": "missinguseMemoTest82",
  "LCP": 12151.112000000001,
  "FID": 10000.000000000002,
  "CLS": 0.046178316034540416,
  "TBT": 10424.000000000002,
  "renderTime": 6858.400926000381,
  "jsBundleSizeKB": 9.857421875,
  "hasJank": true,
  "imageLoadTime": 0
}