{
  "pageName": "missinguseMemoTest160",
  "LCP": 2131.6315000000004,
  "FID": 427,
  "CLS": 0,
  "TBT": 549,
  "renderTime": 894.3083519767284,
  "jsBundleSizeKB": 8.400390625,
  "hasJank": true,
  "imageLoadTime": 0
}