{
  "pageName": "missinguseMemoTest88",
  "LCP": 1850.8175,
  "FID": 439,
  "CLS": 0,
  "TBT": 414,
  "renderTime": 904.1546400062083,
  "jsBundleSizeKB": 7.2216796875,
  "hasJank": false,
  "imageLoadTime": 0
}