{
  "pageName": "missinguseMemoTest116",
  "LCP": 1984.6877,
  "FID": 436,
  "CLS": 0,
  "TBT": 557,
  "renderTime": 936.9179179769086,
  "jsBundleSizeKB": 7.5205078125,
  "hasJank": true,
  "imageLoadTime": 0
}