{
  "pageName": "missinguseMemoTest30",
  "LCP": 1548.2585,
  "FID": 152,
  "CLS": 0.1375593498775394,
  "TBT": 177,
  "renderTime": 1473.062520002537,
  "jsBundleSizeKB": 5.40234375,
  "hasJank": false,
  "imageLoadTime": 0
}