{
  "pageName": "missinguseMemoTest28",
  "LCP": 1970.98625,
  "FID": 426,
  "CLS": 0,
  "TBT": 580,
  "renderTime": 936.3226839982509,
  "jsBundleSizeKB": 6.6396484375,
  "hasJank": true,
  "imageLoadTime": 0
}