{
  "pageName": "missinguseMemoTest87",
  "LCP": 6921.7465,
  "FID": 10000,
  "CLS": 0,
  "TBT": 10282,
  "renderTime": 12198.696947983419,
  "jsBundleSizeKB": 8.62890625,
  "hasJank": true,
  "imageLoadTime": 0
}