{
  "pageName": "missinguseMemoTest33",
  "LCP": 1973.0536999999997,
  "FID": 424,
  "CLS": 0,
  "TBT": 420,
  "renderTime": 1399.1634320223238,
  "jsBundleSizeKB": 6.8701171875,
  "hasJank": true,
  "imageLoadTime": 0
}