{
  "pageName": "missinguseMemoTest118",
  "LCP": 2014.1431999999998,
  "FID": 460,
  "CLS": 0,
  "TBT": 446,
  "renderTime": 1914.5555040341662,
  "jsBundleSizeKB": 9.85546875,
  "hasJank": true,
  "imageLoadTime": 0
}