{
  "pageName": "missinguseMemoTest66",
  "LCP": 2141.5781,
  "FID": 430,
  "CLS": 0,
  "TBT": 394,
  "renderTime": 896.0347720102739,
  "jsBundleSizeKB": 8.62890625,
  "hasJank": false,
  "imageLoadTime": 0
}