{
  "pageName": "missinguseMemoTest143",
  "LCP": 2448.696,
  "FID": 437,
  "CLS": 0,
  "TBT": 447,
  "renderTime": 1669.139151975894,
  "jsBundleSizeKB": 11.26953125,
  "hasJank": true,
  "imageLoadTime": 0
}