{
  "pageName": "missinguseMemoTest173",
  "LCP": 1688.3146,
  "FID": 448,
  "CLS": 0.21683759052028567,
  "TBT": 453,
  "renderTime": 1541.4943359508134,
  "jsBundleSizeKB": 5.39453125,
  "hasJank": false,
  "imageLoadTime": 0
}