{
  "pageName": "missinguseMemoTest276",
  "LCP": 1961.0749999999998,
  "FID": 8102.000000000001,
  "CLS": 0.052090495036564745,
  "TBT": 8618,
  "renderTime": 4209.694117964625,
  "jsBundleSizeKB": 6.5751953125,
  "hasJank": true,
  "imageLoadTime": 0
}