{
  "pageName": "missinguseMemoTest119",
  "LCP": 2295.6679000000004,
  "FID": 436,
  "CLS": 0,
  "TBT": 470.00000000000045,
  "renderTime": 1394.4997219787979,
  "jsBundleSizeKB": 12.72265625,
  "hasJank": true,
  "imageLoadTime": 0
}