{
  "pageName": "missinguseMemoTest300",
  "LCP": 2134.5014,
  "FID": 428,
  "CLS": 0,
  "TBT": 429,
  "renderTime": 899.2866999579765,
  "jsBundleSizeKB": 8.6923828125,
  "hasJank": true,
  "imageLoadTime": 0
}