{
  "pageName": "missinguseMemoTest180",
  "LCP": 2279.7721500000002,
  "FID": 8109,
  "CLS": 0,
  "TBT": 8466,
  "renderTime": 4873.5825439979835,
  "jsBundleSizeKB": 8.1064453125,
  "hasJank": true,
  "imageLoadTime": 0
}