{
  "pageName": "missinguseMemoTest8",
  "LCP": 1546.4665,
  "FID": 152,
  "CLS": 0,
  "TBT": 104,
  "renderTime": 886.1427420322367,
  "jsBundleSizeKB": 5.4033203125,
  "hasJank": false,
  "imageLoadTime": 0
}