{
  "pageName": "missinguseMemoTest23",
  "LCP": 1851.3443999999997,
  "FID": 218,
  "CLS": 0,
  "TBT": 548.9999999999997,
  "renderTime": 1248.2732459676693,
  "jsBundleSizeKB": 11.61328125,
  "hasJank": true,
  "imageLoadTime": 0
}