{
  "pageName": "missinguseMemoTest103",
  "LCP": 2177.4971,
  "FID": 430,
  "CLS": 0.1611398008857952,
  "TBT": 1180,
  "renderTime": 2335.6234779869224,
  "jsBundleSizeKB": 8.9853515625,
  "hasJank": true,
  "imageLoadTime": 0
}