{
  "pageName": "missinguseMemoTest223",
  "LCP": 2331.9548999999997,
  "FID": 432,
  "CLS": 0.21148174439098572,
  "TBT": 555,
  "renderTime": 2271.5413560176703,
  "jsBundleSizeKB": 10.4521484375,
  "hasJank": true,
  "imageLoadTime": 0
}