{
  "pageName": "missinguseMemoTest284",
  "LCP": 1818.6689999999999,
  "FID": 421,
  "CLS": 0,
  "TBT": 548.5,
  "renderTime": 1347.700804005661,
  "jsBundleSizeKB": 5.466796875,
  "hasJank": true,
  "imageLoadTime": 0
}