{
  "pageName": "missinguseMemoTest73",
  "LCP": 1825.22875,
  "FID": 425,
  "CLS": 0,
  "TBT": 556,
  "renderTime": 951.1537360270501,
  "jsBundleSizeKB": 5.759765625,
  "hasJank": true,
  "imageLoadTime": 0
}