{
  "pageName": "missinguseMemoTest244",
  "LCP": 2140.0314,
  "FID": 430,
  "CLS": 0.000004414828336208728,
  "TBT": 529,
  "renderTime": 914.8997219382095,
  "jsBundleSizeKB": 9.279296875,
  "hasJank": true,
  "imageLoadTime": 0
}