{
  "pageName": "missinguseMemoTest297",
  "LCP": 1805.0900000000001,
  "FID": 10000.000000000002,
  "CLS": 0.013273382066826826,
  "TBT": 10312.109,
  "renderTime": 5168.3304679808125,
  "jsBundleSizeKB": 5.759765625,
  "hasJank": true,
  "imageLoadTime": 0
}