{
  "pageName": "missinguseMemoTest42",
  "LCP": 2129.5675499999998,
  "FID": 425,
  "CLS": 0,
  "TBT": 451,
  "renderTime": 1240.4182879916284,
  "jsBundleSizeKB": 8.98828125,
  "hasJank": true,
  "imageLoadTime": 0
}