{
  "pageName": "missinguseMemoTest167",
  "LCP": 2136.1396000000004,
  "FID": 425,
  "CLS": 0.16123762946824527,
  "TBT": 655.0000000000002,
  "renderTime": 1595.1455000177575,
  "jsBundleSizeKB": 9.28125,
  "hasJank": true,
  "imageLoadTime": 0
}