{
  "pageName": "missinguseMemoTest9",
  "LCP": 1962.1909999999998,
  "FID": 415,
  "CLS": 0,
  "TBT": 405,
  "renderTime": 1379.0367120090389,
  "jsBundleSizeKB": 5.98828125,
  "hasJank": true,
  "imageLoadTime": 0
}