{
  "pageName": "missinguseMemoTest74",
  "LCP": 2132.5519000000004,
  "FID": 424,
  "CLS": 0.13739003117714504,
  "TBT": 939.0000000000002,
  "renderTime": 1633.9133299511004,
  "jsBundleSizeKB": 8.9853515625,
  "hasJank": true,
  "imageLoadTime": 0
}