{
  "pageName": "missinguseMemoTest63",
  "LCP": 7103.986725000001,
  "FID": 10000.000000000002,
  "CLS": 0,
  "TBT": 10392.000000000002,
  "renderTime": 12466.016511996891,
  "jsBundleSizeKB": 8.041015625,
  "hasJank": true,
  "imageLoadTime": 0
}