{
  "pageName": "missinguseMemoTest60",
  "LCP": 1981.2708999999998,
  "FID": 8004,
  "CLS": 0,
  "TBT": 8350,
  "renderTime": 4308.6656320008615,
  "jsBundleSizeKB": 6.0537109375,
  "hasJank": true,
  "imageLoadTime": 0
}