{
  "pageName": "missinguseMemoTest30",
  "LCP": 2125.5490999999997,
  "FID": 421,
  "CLS": 0,
  "TBT": 400,
  "renderTime": 897.1979339571618,
  "jsBundleSizeKB": 8.1064453125,
  "hasJank": true,
  "imageLoadTime": 0
}