{
  "pageName": "missinguseMemoTest134",
  "LCP": 6480.3932,
  "FID": 8046,
  "CLS": 0,
  "TBT": 8506,
  "renderTime": 10326.635823962002,
  "jsBundleSizeKB": 11.626953125,
  "hasJank": true,
  "imageLoadTime": 0
}