{
  "pageName": "missinguseMemoTest182",
  "LCP": 2136.9487999999997,
  "FID": 433,
  "CLS": 0.127803367616721,
  "TBT": 528.0000000000002,
  "renderTime": 1536.2859840530584,
  "jsBundleSizeKB": 8.693359375,
  "hasJank": true,
  "imageLoadTime": 0
}