{
  "pageName": "missinguseMemoTest68",
  "LCP": 1678.972,
  "FID": 439,
  "CLS": 0.05278712054675872,
  "TBT": 422,
  "renderTime": 1898.4845380516765,
  "jsBundleSizeKB": 4.875,
  "hasJank": false,
  "imageLoadTime": 0
}