{
  "pageName": "missinguseMemoTest179",
  "LCP": 2204.6668999999997,
  "FID": 10000,
  "CLS": 0,
  "TBT": 10384,
  "renderTime": 7839.152532031736,
  "jsBundleSizeKB": 9.5732421875,
  "hasJank": true,
  "imageLoadTime": 0
}