{
  "pageName": "missinguseMemoTest231",
  "LCP": 12443.83245,
  "FID": 10000,
  "CLS": 0,
  "TBT": 10346,
  "renderTime": 7770.845573984834,
  "jsBundleSizeKB": 11.255859375,
  "hasJank": true,
  "imageLoadTime": 0
}