{
  "pageName": "missinguseMemoTest151",
  "LCP": 12441.872850000002,
  "FID": 10000,
  "CLS": 0,
  "TBT": 10365,
  "renderTime": 7780.849636019907,
  "jsBundleSizeKB": 11.255859375,
  "hasJank": true,
  "imageLoadTime": 0
}