{
  "pageName": "missinguseMemoTest285",
  "LCP": 2406.95905,
  "FID": 423,
  "CLS": 0,
  "TBT": 426.5,
  "renderTime": 1689.981322021122,
  "jsBundleSizeKB": 10.681640625,
  "hasJank": true,
  "imageLoadTime": 0
}