{
  "pageName": "missinguseMemoTest110",
  "LCP": 2138.8823,
  "FID": 436,
  "CLS": 0.12998516001323132,
  "TBT": 568,
  "renderTime": 1565.150916019506,
  "jsBundleSizeKB": 11.0283203125,
  "hasJank": true,
  "imageLoadTime": 0
}