{
  "pageName": "missinguseMemoTest3",
  "LCP": 1874.5522000000003,
  "FID": 322.0000000000002,
  "CLS": 0,
  "TBT": 630.0000000000002,
  "renderTime": 1220.4149440050937,
  "jsBundleSizeKB": 8.1064453125,
  "hasJank": true,
  "imageLoadTime": 0
}