{
  "pageName": "missinguseMemoTest112",
  "LCP": 1669.259,
  "FID": 429,
  "CLS": 0.07999905453871085,
  "TBT": 655,
  "renderTime": 1918.9855000313758,
  "jsBundleSizeKB": 4.29296875,
  "hasJank": true,
  "imageLoadTime": 0
}