{
  "pageName": "missinguseMemoTest242",
  "LCP": 2534.5936,
  "FID": 419,
  "CLS": 0,
  "TBT": 560,
  "renderTime": 1631.241074053459,
  "jsBundleSizeKB": 10.7353515625,
  "hasJank": true,
  "imageLoadTime": 0
}