{
  "pageName": "missinguseMemoTest70",
  "LCP": 2486.0852000000004,
  "FID": 427,
  "CLS": 0,
  "TBT": 730.9999999999995,
  "renderTime": 1702.4126879925302,
  "jsBundleSizeKB": 11.9208984375,
  "hasJank": true,
  "imageLoadTime": 0
}