{
  "pageName": "missinguseMemoTest37",
  "LCP": 2294.99815,
  "FID": 10000,
  "CLS": 0,
  "TBT": 10377,
  "renderTime": 5826.7153919431485,
  "jsBundleSizeKB": 8.693359375,
  "hasJank": true,
  "imageLoadTime": 0
}