{
  "pageName": "missinguseMemoTest175",
  "LCP": 2411.9588,
  "FID": 425,
  "CLS": 0.35350519524241475,
  "TBT": 586,
  "renderTime": 2318.446530005474,
  "jsBundleSizeKB": 14.2529296875,
  "hasJank": true,
  "imageLoadTime": 0
}