{
  "pageName": "missinguseMemoTest226",
  "LCP": 2134.7000000000003,
  "FID": 429,
  "CLS": 0,
  "TBT": 660,
  "renderTime": 932.7166660394669,
  "jsBundleSizeKB": 8.1064453125,
  "hasJank": true,
  "imageLoadTime": 0
}