{
  "pageName": "missinguseMemoTest228",
  "LCP": 2171.8545999999997,
  "FID": 431,
  "CLS": 0,
  "TBT": 440,
  "renderTime": 1552.261252032604,
  "jsBundleSizeKB": 8.107421875,
  "hasJank": true,
  "imageLoadTime": 0
}