{
  "pageName": "missinguseMemoTest262",
  "LCP": 2125.7228,
  "FID": 423,
  "CLS": 0,
  "TBT": 408,
  "renderTime": 901.9483740115356,
  "jsBundleSizeKB": 7.7490234375,
  "hasJank": false,
  "imageLoadTime": 0
}