{
  "pageName": "missinguseMemoTest105",
  "LCP": 1979.3019,
  "FID": 10000,
  "CLS": 0,
  "TBT": 10325.441825,
  "renderTime": 5869.471126001916,
  "jsBundleSizeKB": 5.4658203125,
  "hasJank": true,
  "imageLoadTime": 0
}