{
  "pageName": "missinguseMemoTest40",
  "LCP": 2195.6969999999997,
  "FID": 437,
  "CLS": 0,
  "TBT": 426,
  "renderTime": 1268.531284860844,
  "jsBundleSizeKB": 8.91796875,
  "hasJank": true,
  "imageLoadTime": 0
}