{
  "pageName": "missinguseMemoTest196",
  "LCP": 1822.0457999999999,
  "FID": 426,
  "CLS": 0,
  "TBT": 508.5,
  "renderTime": 922.2363999799061,
  "jsBundleSizeKB": 5.1728515625,
  "hasJank": true,
  "imageLoadTime": 0
}