{
  "pageName": "missinguseMemoTest230",
  "LCP": 2048.2405000000003,
  "FID": 486,
  "CLS": 0,
  "TBT": 467,
  "renderTime": 1414.7094279744385,
  "jsBundleSizeKB": 6.8681640625,
  "hasJank": true,
  "imageLoadTime": 0
}