{
  "pageName": "missinguseMemoTest219",
  "LCP": 2136.30235,
  "FID": 426,
  "CLS": 0,
  "TBT": 906,
  "renderTime": 1434.1376260609293,
  "jsBundleSizeKB": 12.4912109375,
  "hasJank": true,
  "imageLoadTime": 0
}