{
  "pageName": "missinguseMemoTest4",
  "LCP": 10255.004500000001,
  "FID": 8071,
  "CLS": 0.060357010253596494,
  "TBT": 8433,
  "renderTime": 4229.644550042056,
  "jsBundleSizeKB": 8.3310546875,
  "hasJank": true,
  "imageLoadTime": 0
}