{
  "pageName": "missinguseMemoTest115",
  "LCP": 1987.9118999999998,
  "FID": 430,
  "CLS": 0.23567013016160984,
  "TBT": 435.0000000000002,
  "renderTime": 1544.0136579942323,
  "jsBundleSizeKB": 10.732421875,
  "hasJank": true,
  "imageLoadTime": 0
}