{
  "pageName": "missinguseMemoTest166",
  "LCP": 2135.51235,
  "FID": 10000,
  "CLS": 0,
  "TBT": 10264,
  "renderTime": 6344.118043999118,
  "jsBundleSizeKB": 8.9208984375,
  "hasJank": true,
  "imageLoadTime": 0
}