{
  "pageName": "missinguseMemoTest275",
  "LCP": 2120.2017,
  "FID": 414,
  "CLS": 0.16401015599724258,
  "TBT": 401.5,
  "renderTime": 1492.7964359365606,
  "jsBundleSizeKB": 9.216796875,
  "hasJank": true,
  "imageLoadTime": 0
}