{
  "pageName": "missinguseMemoTest252",
  "LCP": 1680.9188,
  "FID": 8037,
  "CLS": 0.048376771541248254,
  "TBT": 8388,
  "renderTime": 4171.277171991948,
  "jsBundleSizeKB": 4.29296875,
  "hasJank": true,
  "imageLoadTime": 0
}