{
  "pageName": "missinguseMemoTest299",
  "LCP": 6977.457,
  "FID": 10000,
  "CLS": 0,
  "TBT": 10366,
  "renderTime": 12366.609837974238,
  "jsBundleSizeKB": 6.576171875,
  "hasJank": true,
  "imageLoadTime": 0
}