{
  "pageName": "missinguseMemoTest101",
  "LCP": 1986.5285,
  "FID": 10000,
  "CLS": 0.1697809673224297,
  "TBT": 10351,
  "renderTime": 5587.302236022978,
  "jsBundleSizeKB": 6.283203125,
  "hasJank": true,
  "imageLoadTime": 0
}