{
  "pageName": "missinguseMemoTest113",
  "LCP": 2232.3842000000004,
  "FID": 432,
  "CLS": 0,
  "TBT": 419.5,
  "renderTime": 1582.4493439375688,
  "jsBundleSizeKB": 8.6279296875,
  "hasJank": true,
  "imageLoadTime": 0
}