{
  "pageName": "missinguseMemoTest291",
  "LCP": 2114.9687999999996,
  "FID": 412,
  "CLS": 0,
  "TBT": 427,
  "renderTime": 914.7574559683037,
  "jsBundleSizeKB": 8.04296875,
  "hasJank": true,
  "imageLoadTime": 0
}