{
  "pageName": "missinguseMemoTest204",
  "LCP": 1831.2646,
  "FID": 8042,
  "CLS": 0,
  "TBT": 8318,
  "renderTime": 3622.7397979815814,
  "jsBundleSizeKB": 4.2294921875,
  "hasJank": true,
  "imageLoadTime": 0
}