{
  "pageName": "missinguseMemoTest29",
  "LCP": 2386.928,
  "FID": 423,
  "CLS": 0.2347068948882552,
  "TBT": 413,
  "renderTime": 2465.858929698401,
  "jsBundleSizeKB": 10.974609375,
  "hasJank": true,
  "imageLoadTime": 0
}