{
  "pageName": "missinguseMemoTest293",
  "LCP": 2198.2326999999996,
  "FID": 482,
  "CLS": 0,
  "TBT": 555,
  "renderTime": 952.0122760128307,
  "jsBundleSizeKB": 9.857421875,
  "hasJank": true,
  "imageLoadTime": 0
}