{
  "pageName": "missinguseMemoTest163",
  "LCP": 2179.79605,
  "FID": 432,
  "CLS": 0,
  "TBT": 822,
  "renderTime": 1583.2062840620708,
  "jsBundleSizeKB": 9.5712890625,
  "hasJank": true,
  "imageLoadTime": 0
}