{
  "pageName": "missinguseMemoTest20",
  "LCP": 4445.4532,
  "FID": 4046.9999999999995,
  "CLS": 0,
  "TBT": 4435,
  "renderTime": 7156.698576024647,
  "jsBundleSizeKB": 11.33203125,
  "hasJank": true,
  "imageLoadTime": 0
}