{
  "pageName": "missinguseMemoTest257",
  "LCP": 2430.1588000000006,
  "FID": 415,
  "CLS": 0,
  "TBT": 399,
  "renderTime": 1640.8408220249607,
  "jsBundleSizeKB": 11.26953125,
  "hasJank": true,
  "imageLoadTime": 0
}