{
  "pageName": "missinguseMemoTest27",
  "LCP": 2324.87865,
  "FID": 424,
  "CLS": 0,
  "TBT": 477,
  "renderTime": 1636.1589619516944,
  "jsBundleSizeKB": 9.8642578125,
  "hasJank": true,
  "imageLoadTime": 0
}