{
  "pageName": "missinguseMemoTest1",
  "LCP": 1697.9775,
  "FID": 153,
  "CLS": 0,
  "TBT": 135,
  "renderTime": 786.7915260235786,
  "jsBundleSizeKB": 6.5771484375,
  "hasJank": false,
  "imageLoadTime": 0
}