{
  "pageName": "missinguseMemoTest187",
  "LCP": 2200.9867999999997,
  "FID": 447,
  "CLS": 0,
  "TBT": 462.0000000000002,
  "renderTime": 1459.4388620291998,
  "jsBundleSizeKB": 8.921875,
  "hasJank": true,
  "imageLoadTime": 0
}