{
  "pageName": "missinguseMemoTest55",
  "LCP": 2142.06235,
  "FID": 435,
  "CLS": 0,
  "TBT": 439,
  "renderTime": 919.9948619755935,
  "jsBundleSizeKB": 9.2158203125,
  "hasJank": true,
  "imageLoadTime": 0
}