{
  "pageName": "missinguseMemoTest201",
  "LCP": 1975.1732499999998,
  "FID": 429,
  "CLS": 0.35350519524241475,
  "TBT": 398,
  "renderTime": 1557.7772600504018,
  "jsBundleSizeKB": 6.6396484375,
  "hasJank": true,
  "imageLoadTime": 0
}