{
  "pageName": "missinguseMemoTest268",
  "LCP": 10204.76525,
  "FID": 8084.000000000001,
  "CLS": 0.05060532815024843,
  "TBT": 8834,
  "renderTime": 4203.604599968958,
  "jsBundleSizeKB": 8.3955078125,
  "hasJank": true,
  "imageLoadTime": 0
}