{
  "pageName": "missinguseMemoTest15",
  "LCP": 2280.36595,
  "FID": 424,
  "CLS": 0,
  "TBT": 555,
  "renderTime": 926.0828360315227,
  "jsBundleSizeKB": 12.7861328125,
  "hasJank": true,
  "imageLoadTime": 0
}