{
  "pageName": "missinguseMemoTest296",
  "LCP": 1817.9177499999998,
  "FID": 427,
  "CLS": 0,
  "TBT": 589,
  "renderTime": 930.5418399954272,
  "jsBundleSizeKB": 5.76171875,
  "hasJank": true,
  "imageLoadTime": 0
}