{
  "pageName": "missinguseMemoTest12",
  "LCP": 1985.2465000000002,
  "FID": 431,
  "CLS": 0,
  "TBT": 396,
  "renderTime": 1025.686753986335,
  "jsBundleSizeKB": 7.8125,
  "hasJank": true,
  "imageLoadTime": 0
}