{
  "pageName": "missinguseMemoTest100",
  "LCP": 1971.70825,
  "FID": 423,
  "CLS": 0,
  "TBT": 400.5,
  "renderTime": 903.7399019971228,
  "jsBundleSizeKB": 6.34765625,
  "hasJank": false,
  "imageLoadTime": 0
}