{
  "pageName": "missinguseMemoTest251",
  "LCP": 2162.59965,
  "FID": 424,
  "CLS": 0,
  "TBT": 460,
  "renderTime": 1580.1718400365162,
  "jsBundleSizeKB": 8.9853515625,
  "hasJank": true,
  "imageLoadTime": 0
}