{
  "pageName": "missinguseMemoTest144",
  "LCP": 2138.8433999999997,
  "FID": 8074,
  "CLS": 0,
  "TBT": 8420,
  "renderTime": 4887.214927999239,
  "jsBundleSizeKB": 7.5205078125,
  "hasJank": true,
  "imageLoadTime": 0
}