{
  "pageName": "missinguseMemoTest10",
  "LCP": 1688.3965000000003,
  "FID": 144,
  "CLS": 0.1394895830620352,
  "TBT": 183,
  "renderTime": 1377.7146939843656,
  "jsBundleSizeKB": 6.8701171875,
  "hasJank": false,
  "imageLoadTime": 0
}