{
  "pageName": "missinguseMemoTest41",
  "LCP": 1826.4005000000002,
  "FID": 10000,
  "CLS": 0,
  "TBT": 10563,
  "renderTime": 5098.719065984523,
  "jsBundleSizeKB": 5.759765625,
  "hasJank": true,
  "imageLoadTime": 0
}