{
  "pageName": "missinguseMemoTest136",
  "LCP": 1826.8364000000001,
  "FID": 432,
  "CLS": 0,
  "TBT": 394,
  "renderTime": 1343.1802860229445,
  "jsBundleSizeKB": 4.8173828125,
  "hasJank": false,
  "imageLoadTime": 0
}