{
  "pageName": "missinguseMemoTest221",
  "LCP": 12298.52,
  "FID": 10000,
  "CLS": 0,
  "TBT": 10379,
  "renderTime": 5087.384271957635,
  "jsBundleSizeKB": 10.4453125,
  "hasJank": true,
  "imageLoadTime": 0
}