{
  "pageName": "missinguseMemoTest186",
  "LCP": 2152.6897,
  "FID": 448,
  "CLS": 0,
  "TBT": 484.5000000000002,
  "renderTime": 1027.599791954498,
  "jsBundleSizeKB": 7.748046875,
  "hasJank": true,
  "imageLoadTime": 0
}