{
  "pageName": "missinguseMemoTest28",
  "LCP": 9970.6983,
  "FID": 8091,
  "CLS": 0.05795322222768025,
  "TBT": 8193,
  "renderTime": 4112.027785992236,
  "jsBundleSizeKB": 7.515625,
  "hasJank": true,
  "imageLoadTime": 0
}