{
  "pageName": "missinguseMemoTest120",
  "LCP": 10217.91395,
  "FID": 8075.000000000001,
  "CLS": 0,
  "TBT": 8426,
  "renderTime": 3645.703222014012,
  "jsBundleSizeKB": 7.7451171875,
  "hasJank": true,
  "imageLoadTime": 0
}