{
  "pageName": "missinguseMemoTest107",
  "LCP": 2484.7295999999997,
  "FID": 425,
  "CLS": 0,
  "TBT": 478,
  "renderTime": 1684.9386780191326,
  "jsBundleSizeKB": 11.919921875,
  "hasJank": true,
  "imageLoadTime": 0
}