{
  "pageName": "missinguseMemoTest11",
  "LCP": 2187.8320000000003,
  "FID": 432,
  "CLS": 0,
  "TBT": 429.9999999999998,
  "renderTime": 1372.5188239899396,
  "jsBundleSizeKB": 9.2158203125,
  "hasJank": true,
  "imageLoadTime": 0
}