{
  "pageName": "missinguseMemoTest205",
  "LCP": 1974.1209999999999,
  "FID": 424,
  "CLS": 0,
  "TBT": 503.0000000000002,
  "renderTime": 1021.1962199807408,
  "jsBundleSizeKB": 7.2255859375,
  "hasJank": true,
  "imageLoadTime": 0
}