{
  "pageName": "missinguseMemoTest56",
  "LCP": 2156.6782000000003,
  "FID": 451,
  "CLS": 0,
  "TBT": 644,
  "renderTime": 944.6507079986382,
  "jsBundleSizeKB": 8.693359375,
  "hasJank": true,
  "imageLoadTime": 0
}