{
  "pageName": "missinguseMemoTest172",
  "LCP": 1970.8672499999998,
  "FID": 424,
  "CLS": 0.07819836359800884,
  "TBT": 391.5,
  "renderTime": 1849.3337659863278,
  "jsBundleSizeKB": 6.576171875,
  "hasJank": false,
  "imageLoadTime": 0
}