{
  "pageName": "missinguseMemoTest216",
  "LCP": 2417.34935,
  "FID": 431,
  "CLS": 0.0773974592691593,
  "TBT": 494,
  "renderTime": 2406.0520640001196,
  "jsBundleSizeKB": 11.0400390625,
  "hasJank": true,
  "imageLoadTime": 0
}