{
  "pageName": "missinguseMemoTest270",
  "LCP": 1981.1066000000003,
  "FID": 423,
  "CLS": 0,
  "TBT": 646.5000000000001,
  "renderTime": 1400.297442057972,
  "jsBundleSizeKB": 7.2275390625,
  "hasJank": true,
  "imageLoadTime": 0
}