{
  "pageName": "missinguseMemoTest77",
  "LCP": 2140.1189000000004,
  "FID": 431,
  "CLS": 0.23009067584385254,
  "TBT": 572,
  "renderTime": 1517.3701820222902,
  "jsBundleSizeKB": 8.9873046875,
  "hasJank": true,
  "imageLoadTime": 0
}