{
  "pageName": "missinguseMemoTest218",
  "LCP": 2130.9841,
  "FID": 430,
  "CLS": 0,
  "TBT": 452,
  "renderTime": 908.9800919970893,
  "jsBundleSizeKB": 8.693359375,
  "hasJank": true,
  "imageLoadTime": 0
}