{
  "pageName": "missinguseMemoTest133",
  "LCP": 1858.7482499999999,
  "FID": 430,
  "CLS": 0,
  "TBT": 444,
  "renderTime": 1438.7003460163355,
  "jsBundleSizeKB": 7.2197265625,
  "hasJank": true,
  "imageLoadTime": 0
}