{
  "pageName": "missinguseMemoTest288",
  "LCP": 2128.2110000000002,
  "FID": 424,
  "CLS": 0,
  "TBT": 447,
  "renderTime": 897.3927439393043,
  "jsBundleSizeKB": 9.5029296875,
  "hasJank": true,
  "imageLoadTime": 0
}