{
  "pageName": "missinguseMemoTest57",
  "LCP": 2040.1697999999997,
  "FID": 10000,
  "CLS": 0,
  "TBT": 10305,
  "renderTime": 5459.546885958156,
  "jsBundleSizeKB": 7.455078125,
  "hasJank": true,
  "imageLoadTime": 0
}