{
  "pageName": "missinguseMemoTest142",
  "LCP": 2139.3692499999997,
  "FID": 430,
  "CLS": 0.12463468908076926,
  "TBT": 518,
  "renderTime": 1507.0573280315161,
  "jsBundleSizeKB": 9.279296875,
  "hasJank": true,
  "imageLoadTime": 0
}