{
  "pageName": "missinguseMemoTest67",
  "LCP": 2145.7984500000002,
  "FID": 438,
  "CLS": 0,
  "TBT": 492,
  "renderTime": 919.3351940357351,
  "jsBundleSizeKB": 9.572265625,
  "hasJank": true,
  "imageLoadTime": 0
}