{
  "pageName": "missinguseMemoTest146",
  "LCP": 2127.7428000000004,
  "FID": 423,
  "CLS": 0,
  "TBT": 733.0000000000002,
  "renderTime": 947.8372839857673,
  "jsBundleSizeKB": 8.9853515625,
  "hasJank": true,
  "imageLoadTime": 0
}