{
  "pageName": "missinguseMemoTest289",
  "LCP": 2009.606125,
  "FID": 418,
  "CLS": 0,
  "TBT": 395,
  "renderTime": 1530.7078799893857,
  "jsBundleSizeKB": 7.45703125,
  "hasJank": true,
  "imageLoadTime": 0
}