{
  "pageName": "missinguseMemoTest193",
  "LCP": 2456.4844000000003,
  "FID": 435,
  "CLS": 0,
  "TBT": 451,
  "renderTime": 1696.7341079920625,
  "jsBundleSizeKB": 11.5625,
  "hasJank": true,
  "imageLoadTime": 0
}