{
  "pageName": "missinguseMemoTest22",
  "LCP": 1997.5696000000005,
  "FID": 10000,
  "CLS": 0,
  "TBT": 10099,
  "renderTime": 6346.750851982336,
  "jsBundleSizeKB": 8.986328125,
  "hasJank": true,
  "imageLoadTime": 0
}