{
  "pageName": "missinguseMemoTest238",
  "LCP": 2134.2598000000003,
  "FID": 429,
  "CLS": 0,
  "TBT": 686,
  "renderTime": 1422.5770839782906,
  "jsBundleSizeKB": 11.3212890625,
  "hasJank": true,
  "imageLoadTime": 0
}