{
  "pageName": "missinguseMemoTest11",
  "LCP": 1910.4390999999998,
  "FID": 329.9999999999998,
  "CLS": 0.16832805161714087,
  "TBT": 893.4999999999993,
  "renderTime": 1861.0891419863747,
  "jsBundleSizeKB": 8.6923828125,
  "hasJank": true,
  "imageLoadTime": 0
}