{
  "pageName": "missinguseMemoTest199",
  "LCP": 2177.4766,
  "FID": 10000,
  "CLS": 0,
  "TBT": 10271,
  "renderTime": 7826.80995201685,
  "jsBundleSizeKB": 9.216796875,
  "hasJank": true,
  "imageLoadTime": 0
}