{
  "pageName": "missinguseMemoTest198",
  "LCP": 2142.0586999999996,
  "FID": 433,
  "CLS": 0,
  "TBT": 593.9999999999998,
  "renderTime": 972.7702939849663,
  "jsBundleSizeKB": 8.6923828125,
  "hasJank": true,
  "imageLoadTime": 0
}