{
  "pageName": "missinguseMemoTest260",
  "LCP": 2029.8460000000002,
  "FID": 420,
  "CLS": 0,
  "TBT": 421.5000000000001,
  "renderTime": 912.716401995921,
  "jsBundleSizeKB": 7.455078125,
  "hasJank": false,
  "imageLoadTime": 0
}