{
  "pageName": "missinguseMemoTest267",
  "LCP": 2279.88735,
  "FID": 422,
  "CLS": 0,
  "TBT": 454,
  "renderTime": 916.6337660094928,
  "jsBundleSizeKB": 12.720703125,
  "hasJank": true,
  "imageLoadTime": 0
}