{
  "pageName": "missinguseMemoTest174",
  "LCP": 1980.5675,
  "FID": 430,
  "CLS": 0.1297545640688847,
  "TBT": 836.0225,
  "renderTime": 1576.5579400405884,
  "jsBundleSizeKB": 7.5185546875,
  "hasJank": true,
  "imageLoadTime": 0
}