{
  "pageName": "missinguseMemoTest26",
  "LCP": 1742.4328999999998,
  "FID": 147,
  "CLS": 0,
  "TBT": 145,
  "renderTime": 1304.123913962636,
  "jsBundleSizeKB": 9.4990234375,
  "hasJank": false,
  "imageLoadTime": 0
}