{
  "pageName": "missinguseMemoTest168",
  "LCP": 1820.1889999999999,
  "FID": 426,
  "CLS": 0,
  "TBT": 409,
  "renderTime": 1358.998288006649,
  "jsBundleSizeKB": 5.697265625,
  "hasJank": false,
  "imageLoadTime": 0
}