{
  "pageName": "missinguseMemoTest78",
  "LCP": 1862.88,
  "FID": 430,
  "CLS": 0,
  "TBT": 479,
  "renderTime": 1452.7933359698059,
  "jsBundleSizeKB": 5.4677734375,
  "hasJank": true,
  "imageLoadTime": 0
}