{
  "pageName": "missinguseMemoTest148",
  "LCP": 4024.17875,
  "FID": 4054,
  "CLS": 0,
  "TBT": 4502,
  "renderTime": 5845.72271404171,
  "jsBundleSizeKB": 6.3466796875,
  "hasJank": true,
  "imageLoadTime": 0
}