{
  "pageName": "missinguseMemoTest203",
  "LCP": 1974.9811999999997,
  "FID": 424,
  "CLS": 0,
  "TBT": 405,
  "renderTime": 904.6664680331517,
  "jsBundleSizeKB": 7.5185546875,
  "hasJank": true,
  "imageLoadTime": 0
}