{
  "pageName": "missinguseMemoTest80",
  "LCP": 2151.7241999999997,
  "FID": 440,
  "CLS": 0.000004414828336208728,
  "TBT": 554,
  "renderTime": 940.2549799734641,
  "jsBundleSizeKB": 7.75,
  "hasJank": true,
  "imageLoadTime": 0
}