{
  "pageName": "missinguseMemoTest79",
  "LCP": 12430.862799999999,
  "FID": 9999.999999999998,
  "CLS": 0.17246426558391761,
  "TBT": 10440.999999999998,
  "renderTime": 8352.693532015814,
  "jsBundleSizeKB": 11.02734375,
  "hasJank": true,
  "imageLoadTime": 0
}