{
  "pageName": "missinguseMemoTest282",
  "LCP": 2123.5964000000004,
  "FID": 421,
  "CLS": 0,
  "TBT": 650.0000000000002,
  "renderTime": 916.6776819796656,
  "jsBundleSizeKB": 11.0302734375,
  "hasJank": true,
  "imageLoadTime": 0
}