{
  "pageName": "missinguseMemoTest243",
  "LCP": 2271.21875,
  "FID": 452,
  "CLS": 0,
  "TBT": 966,
  "renderTime": 1011.9256679527759,
  "jsBundleSizeKB": 9.2783203125,
  "hasJank": true,
  "imageLoadTime": 0
}