{
  "pageName": "missinguseMemoTest17",
  "LCP": 1976.1369000000002,
  "FID": 421,
  "CLS": 0,
  "TBT": 438.0000000000002,
  "renderTime": 2185.9361380483724,
  "jsBundleSizeKB": 7.51953125,
  "hasJank": true,
  "imageLoadTime": 0
}