{
  "pageName": "missinguseMemoTest5",
  "LCP": 1854.5034,
  "FID": 269,
  "CLS": 0.23567013016160984,
  "TBT": 398,
  "renderTime": 1469.6170940412094,
  "jsBundleSizeKB": 8.921875,
  "hasJank": true,
  "imageLoadTime": 0
}