{
  "pageName": "missinguseMemoTest128",
  "LCP": 1672.4934,
  "FID": 434,
  "CLS": 0,
  "TBT": 576,
  "renderTime": 1020.614179956641,
  "jsBundleSizeKB": 4.0009765625,
  "hasJank": true,
  "imageLoadTime": 0
}