{
  "pageName": "missinguseMemoTest294",
  "LCP": 2285.73765,
  "FID": 10000,
  "CLS": 0,
  "TBT": 10342,
  "renderTime": 6818.583315996875,
  "jsBundleSizeKB": 9.80078125,
  "hasJank": true,
  "imageLoadTime": 0
}