{
  "pageName": "missinguseMemoTest117",
  "LCP": 1987.3954000000003,
  "FID": 10000,
  "CLS": 0,
  "TBT": 10352,
  "renderTime": 4942.170688015327,
  "jsBundleSizeKB": 6.8701171875,
  "hasJank": true,
  "imageLoadTime": 0
}