{
  "pageName": "missinguseMemoTest234",
  "LCP": 1829.6589999999999,
  "FID": 431,
  "CLS": 0,
  "TBT": 410,
  "renderTime": 1159.2992479963016,
  "jsBundleSizeKB": 5.4658203125,
  "hasJank": true,
  "imageLoadTime": 0
}