{
  "pageName": "missinguseMemoTest3",
  "LCP": 2203.0372,
  "FID": 457,
  "CLS": 0,
  "TBT": 497,
  "renderTime": 1610.5463400340127,
  "jsBundleSizeKB": 11.6123046875,
  "hasJank": true,
  "imageLoadTime": 0
}