{
  "pageName": "missinguseMemoTest281",
  "LCP": 2138.7273499999997,
  "FID": 432,
  "CLS": 0,
  "TBT": 396,
  "renderTime": 936.2410760598611,
  "jsBundleSizeKB": 9.21484375,
  "hasJank": true,
  "imageLoadTime": 0
}