{
  "pageName": "missinguseMemoTest184",
  "LCP": 2288.2454,
  "FID": 428,
  "CLS": 0.0767470604517714,
  "TBT": 398,
  "renderTime": 1874.482188025241,
  "jsBundleSizeKB": 11.033203125,
  "hasJank": true,
  "imageLoadTime": 0
}