{
  "pageName": "missinguseMemoTest75",
  "LCP": 2287.82265,
  "FID": 430,
  "CLS": 0,
  "TBT": 447,
  "renderTime": 921.8810539837647,
  "jsBundleSizeKB": 13.0146484375,
  "hasJank": true,
  "imageLoadTime": 0
}