{
  "pageName": "missinguseMemoTest286",
  "LCP": 2184.2408,
  "FID": 435,
  "CLS": 0.000004414828336208728,
  "TBT": 433,
  "renderTime": 904.4089560166692,
  "jsBundleSizeKB": 9.57421875,
  "hasJank": true,
  "imageLoadTime": 0
}