{
  "pageName": "missinguseMemoTest106",
  "LCP": 6044.39625,
  "FID": 8058.000000000001,
  "CLS": 0,
  "TBT": 8333.5,
  "renderTime": 10014.252506033159,
  "jsBundleSizeKB": 10.09375,
  "hasJank": true,
  "imageLoadTime": 0
}