{
  "pageName": "missinguseMemoTest61",
  "LCP": 2128.6916,
  "FID": 428,
  "CLS": 0,
  "TBT": 616.9999999999998,
  "renderTime": 950.1087039589308,
  "jsBundleSizeKB": 8.3994140625,
  "hasJank": true,
  "imageLoadTime": 0
}