{
  "pageName": "missinguseMemoTest224",
  "LCP": 1795.35745,
  "FID": 425,
  "CLS": 0.073876705340324,
  "TBT": 397.5,
  "renderTime": 1838.0966099801385,
  "jsBundleSizeKB": 3.4140625,
  "hasJank": true,
  "imageLoadTime": 0
}