{
  "pageName": "missinguseMemoTest129",
  "LCP": 1818.5272,
  "FID": 427,
  "CLS": 0,
  "TBT": 420.5,
  "renderTime": 919.5477880282116,
  "jsBundleSizeKB": 5.1728515625,
  "hasJank": false,
  "imageLoadTime": 0
}