{
  "pageName": "missinguseMemoTest206",
  "LCP": 6215.8405999999995,
  "FID": 8074.000000000001,
  "CLS": 0,
  "TBT": 8914.500000000002,
  "renderTime": 10378.66125802918,
  "jsBundleSizeKB": 8.6953125,
  "hasJank": true,
  "imageLoadTime": 0
}