{
  "pageName": "missinguseMemoTest171",
  "LCP": 2134.06145,
  "FID": 10000,
  "CLS": 0.1654765096946262,
  "TBT": 10453,
  "renderTime": 8443.234689992489,
  "jsBundleSizeKB": 8.62890625,
  "hasJank": true,
  "imageLoadTime": 0
}