{
  "pageName": "missinguseMemoTest265",
  "LCP": 2324.0560000000005,
  "FID": 429,
  "CLS": 0,
  "TBT": 433,
  "renderTime": 1613.1930519453526,
  "jsBundleSizeKB": 11.0390625,
  "hasJank": true,
  "imageLoadTime": 0
}