{
  "pageName": "missinguseMemoTest121",
  "LCP": 2427.8601999999996,
  "FID": 423,
  "CLS": 0,
  "TBT": 560,
  "renderTime": 3416.142369966621,
  "jsBundleSizeKB": 10.73828125,
  "hasJank": true,
  "imageLoadTime": 0
}