{
  "pageName": "missinguseMemoTest51",
  "LCP": 1813.92975,
  "FID": 424,
  "CLS": 0,
  "TBT": 444,
  "renderTime": 976.4925379748395,
  "jsBundleSizeKB": 8.3857421875,
  "hasJank": true,
  "imageLoadTime": 0
}