{
  "pageName": "missinguseMemoTest278",
  "LCP": 2132.51945,
  "FID": 425,
  "CLS": 0,
  "TBT": 406.9999999999998,
  "renderTime": 1368.2344779708337,
  "jsBundleSizeKB": 9.2158203125,
  "hasJank": true,
  "imageLoadTime": 0
}