{
  "pageName": "missinguseMemoTest255",
  "LCP": 2126.1498,
  "FID": 417,
  "CLS": 0,
  "TBT": 749.0000000000002,
  "renderTime": 949.1281560211753,
  "jsBundleSizeKB": 9.572265625,
  "hasJank": true,
  "imageLoadTime": 0
}