{
  "pageName": "missinguseMemoTest189",
  "LCP": 1820.6342,
  "FID": 430,
  "CLS": 0,
  "TBT": 396,
  "renderTime": 886.1068760112953,
  "jsBundleSizeKB": 4.5224609375,
  "hasJank": false,
  "imageLoadTime": 0
}