{
  "pageName": "missinguseMemoTest215",
  "LCP": 2140.7549,
  "FID": 430,
  "CLS": 0,
  "TBT": 433,
  "renderTime": 956.8150719808673,
  "jsBundleSizeKB": 8.333984375,
  "hasJank": true,
  "imageLoadTime": 0
}