{
  "pageName": "missinguseMemoTest195",
  "LCP": 2137.17445,
  "FID": 432,
  "CLS": 0,
  "TBT": 489,
  "renderTime": 927.2819640248202,
  "jsBundleSizeKB": 12.1357421875,
  "hasJank": true,
  "imageLoadTime": 0
}