{
  "pageName": "missinguseMemoTest245",
  "LCP": 2017.6235,
  "FID": 448,
  "CLS": 0,
  "TBT": 623.9999999999998,
  "renderTime": 1496.9052600435255,
  "jsBundleSizeKB": 6.345703125,
  "hasJank": true,
  "imageLoadTime": 0
}