{
  "pageName": "missinguseMemoTest54",
  "LCP": 2133.2517,
  "FID": 430,
  "CLS": 0,
  "TBT": 491,
  "renderTime": 930.7288920119094,
  "jsBundleSizeKB": 10.669921875,
  "hasJank": true,
  "imageLoadTime": 0
}