{
  "pageName": "missinguseMemoTest279",
  "LCP": 2280.316,
  "FID": 10000,
  "CLS": 0,
  "TBT": 10921.4935,
  "renderTime": 8255.728601957535,
  "jsBundleSizeKB": 10.7470703125,
  "hasJank": true,
  "imageLoadTime": 0
}