{
  "pageName": "missinguseMemoTest169",
  "LCP": 1832.0625000000002,
  "FID": 434,
  "CLS": 0.14141927872684723,
  "TBT": 473,
  "renderTime": 1656.5502480282782,
  "jsBundleSizeKB": 7.21875,
  "hasJank": true,
  "imageLoadTime": 0
}