{
  "pageName": "missinguseMemoTest97",
  "LCP": 2135.2841000000003,
  "FID": 431,
  "CLS": 0.23567013016160984,
  "TBT": 498,
  "renderTime": 1594.9957900589134,
  "jsBundleSizeKB": 7.7490234375,
  "hasJank": true,
  "imageLoadTime": 0
}