{
  "pageName": "missinguseMemoTest35",
  "LCP": 2205.4620000000004,
  "FID": 504,
  "CLS": 0,
  "TBT": 533,
  "renderTime": 951.8023220260619,
  "jsBundleSizeKB": 8.04296875,
  "hasJank": true,
  "imageLoadTime": 0
}