{
  "pageName": "missinguseMemoTest237",
  "LCP": 2126.9664000000002,
  "FID": 427,
  "CLS": 0.35350519524241475,
  "TBT": 556,
  "renderTime": 1550.0217760157682,
  "jsBundleSizeKB": 8.400390625,
  "hasJank": true,
  "imageLoadTime": 0
}