{
  "pageName": "missinguseMemoTest31",
  "LCP": 12445.2804,
  "FID": 10000,
  "CLS": 0.16301036938539012,
  "TBT": 10505,
  "renderTime": 13005.155721970552,
  "jsBundleSizeKB": 11.3212890625,
  "hasJank": true,
  "imageLoadTime": 0
}