{
  "pageName": "missinguseMemoTest8",
  "LCP": 6160.636049999999,
  "FID": 4042.999999999999,
  "CLS": 0,
  "TBT": 4368.999999999999,
  "renderTime": 7110.1575420327035,
  "jsBundleSizeKB": 8.3974609375,
  "hasJank": true,
  "imageLoadTime": 0
}