{
  "pageName": "missinguseMemoTest249",
  "LCP": 5010.8372,
  "FID": 6066,
  "CLS": 0.16990782196780455,
  "TBT": 6435,
  "renderTime": 8538.691323981428,
  "jsBundleSizeKB": 7.814453125,
  "hasJank": true,
  "imageLoadTime": 0
}