{
  "pageName": "missinguseMemoTest140",
  "LCP": 10037.22675,
  "FID": 8053.000000000001,
  "CLS": 0,
  "TBT": 8404,
  "renderTime": 3627.1845160042185,
  "jsBundleSizeKB": 6.05078125,
  "hasJank": true,
  "imageLoadTime": 0
}