{
  "pageName": "missinguseMemoTest264",
  "LCP": 2201.9728,
  "FID": 481,
  "CLS": 0.07479586399960772,
  "TBT": 490.5,
  "renderTime": 1919.9862779536436,
  "jsBundleSizeKB": 7.7490234375,
  "hasJank": true,
  "imageLoadTime": 0
}