{
  "pageName": "missinguseMemoTest18",
  "LCP": 2136.7850000000003,
  "FID": 430,
  "CLS": 0,
  "TBT": 510.9999999999998,
  "renderTime": 937.8935700182915,
  "jsBundleSizeKB": 11.029296875,
  "hasJank": true,
  "imageLoadTime": 0
}