{
  "pageName": "missinguseMemoTest253",
  "LCP": 2153.8263,
  "FID": 415,
  "CLS": 0,
  "TBT": 414,
  "renderTime": 1549.4117199926568,
  "jsBundleSizeKB": 8.3349609375,
  "hasJank": true,
  "imageLoadTime": 0
}