{
  "pageName": "missinguseMemoTest240",
  "LCP": 1974.0662499999999,
  "FID": 428,
  "CLS": 0,
  "TBT": 390,
  "renderTime": 897.627377976942,
  "jsBundleSizeKB": 6.640625,
  "hasJank": false,
  "imageLoadTime": 0
}