{
  "pageName": "missinguseMemoTest25",
  "LCP": 1534.3138,
  "FID": 10000,
  "CLS": 0.16094414372089502,
  "TBT": 10058,
  "renderTime": 5360.08912203968,
  "jsBundleSizeKB": 4.8798828125,
  "hasJank": true,
  "imageLoadTime": 0
}