{
  "pageName": "missinguseMemoTest122",
  "LCP": 2010.1102500000002,
  "FID": 431,
  "CLS": 0.12877896584280285,
  "TBT": 442,
  "renderTime": 2124.7723520000936,
  "jsBundleSizeKB": 6.345703125,
  "hasJank": true,
  "imageLoadTime": 0
}