{
  "pageName": "missinguseMemoTest108",
  "LCP": 2024.6092499999997,
  "FID": 431,
  "CLS": 0,
  "TBT": 443.5,
  "renderTime": 3201.0811840374377,
  "jsBundleSizeKB": 8.3935546875,
  "hasJank": true,
  "imageLoadTime": 0
}