{
  "pageName": "missinguseMemoTest177",
  "LCP": 2023.0755,
  "FID": 429,
  "CLS": 0,
  "TBT": 676,
  "renderTime": 1532.8748279876231,
  "jsBundleSizeKB": 6.34765625,
  "hasJank": true,
  "imageLoadTime": 0
}