{
  "pageName": "missinguseMemoTest95",
  "LCP": 2156.2399000000005,
  "FID": 423,
  "CLS": 0,
  "TBT": 519,
  "renderTime": 1537.765908013425,
  "jsBundleSizeKB": 9.572265625,
  "hasJank": true,
  "imageLoadTime": 0
}