{
  "pageName": "missinguseMemoTest185",
  "LCP": 1979.8093000000003,
  "FID": 428,
  "CLS": 0.23567013016160984,
  "TBT": 415,
  "renderTime": 1532.6000180069161,
  "jsBundleSizeKB": 7.1611328125,
  "hasJank": true,
  "imageLoadTime": 0
}