{
  "pageName": "missinguseMemoTest259",
  "LCP": 2556.1256,
  "FID": 430,
  "CLS": 0,
  "TBT": 849.4999999999998,
  "renderTime": 1733.1100019822024,
  "jsBundleSizeKB": 11.919921875,
  "hasJank": true,
  "imageLoadTime": 0
}