{
  "pageName": "missinguseMemoTest84",
  "LCP": 1995.2773000000002,
  "FID": 436,
  "CLS": 0.009016054164898167,
  "TBT": 451,
  "renderTime": 1172.1790340141724,
  "jsBundleSizeKB": 7.5205078125,
  "hasJank": true,
  "imageLoadTime": 0
}