{
  "pageName": "missinguseMemoTest123",
  "LCP": 2133.8597,
  "FID": 431,
  "CLS": 0,
  "TBT": 438,
  "renderTime": 1391.207846013131,
  "jsBundleSizeKB": 10.6689453125,
  "hasJank": true,
  "imageLoadTime": 0
}