{
  "pageName": "missinguseMemoTest15",
  "LCP": 1894.2685999999999,
  "FID": 154,
  "CLS": 0,
  "TBT": 193.68904999999995,
  "renderTime": 805.5342360081578,
  "jsBundleSizeKB": 8.9873046875,
  "hasJank": false,
  "imageLoadTime": 0
}