{
  "pageName": "missinguseMemoTest232",
  "LCP": 4390.28765,
  "FID": 4007,
  "CLS": 0.04390460777210175,
  "TBT": 4693.5,
  "renderTime": 4033.520235152221,
  "jsBundleSizeKB": 11.9140625,
  "hasJank": true,
  "imageLoadTime": 0
}