{
  "pageName": "missinguseMemoTest39",
  "LCP": 7416.6332,
  "FID": 10000,
  "CLS": 0,
  "TBT": 10384,
  "renderTime": 11264.318246780098,
  "jsBundleSizeKB": 11.267578125,
  "hasJank": true,
  "imageLoadTime": 0
}