{
  "pageName": "missinguseMemoTest165",
  "LCP": 1972.60975,
  "FID": 428,
  "CLS": 0,
  "TBT": 436.5,
  "renderTime": 907.0795200312423,
  "jsBundleSizeKB": 6.3466796875,
  "hasJank": true,
  "imageLoadTime": 0
}