{
  "pageName": "missinguseMemoTest131",
  "LCP": 1972.2600999999997,
  "FID": 423,
  "CLS": 0,
  "TBT": 758.5866999999997,
  "renderTime": 1444.6209479858207,
  "jsBundleSizeKB": 7.51953125,
  "hasJank": true,
  "imageLoadTime": 0
}