{
  "pageName": "missinguseMemoTest81",
  "LCP": 1664.2458,
  "FID": 425,
  "CLS": 0.2347068948882552,
  "TBT": 422,
  "renderTime": 1575.46992003675,
  "jsBundleSizeKB": 4,
  "hasJank": true,
  "imageLoadTime": 0
}