{
  "pageName": "missinguseMemoTest38",
  "LCP": 2126.3896999999997,
  "FID": 426,
  "CLS": 0,
  "TBT": 732,
  "renderTime": 953.2335080163289,
  "jsBundleSizeKB": 8.3994140625,
  "hasJank": true,
  "imageLoadTime": 0
}