{
  "pageName": "missinguseMemoTest4",
  "LCP": 1749.5482499999998,
  "FID": 217.00000000000023,
  "CLS": 0,
  "TBT": 304.0000000000002,
  "renderTime": 810.683592019186,
  "jsBundleSizeKB": 8.1015625,
  "hasJank": true,
  "imageLoadTime": 0
}