{
  "pageName": "missinguseMemoTest298",
  "LCP": 2152.4026,
  "FID": 444,
  "CLS": 0.08211903217158512,
  "TBT": 899,
  "renderTime": 1607.1403520122433,
  "jsBundleSizeKB": 8.69140625,
  "hasJank": true,
  "imageLoadTime": 0
}