{
  "pageName": "missinguseMemoTest183",
  "LCP": 2145.9676999999997,
  "FID": 438,
  "CLS": 0,
  "TBT": 539.0000000000002,
  "renderTime": 933.0894279715346,
  "jsBundleSizeKB": 8.6923828125,
  "hasJank": true,
  "imageLoadTime": 0
}