{
  "pageName": "missinguseMemoTest45",
  "LCP": 2167.2941,
  "FID": 423,
  "CLS": 0.22941340104227506,
  "TBT": 863.0000000000002,
  "renderTime": 2195.209448037758,
  "jsBundleSizeKB": 8.107421875,
  "hasJank": true,
  "imageLoadTime": 0
}