{
  "pageName": "missinguseMemoTest222",
  "LCP": 2139.26,
  "FID": 433,
  "CLS": 0,
  "TBT": 424,
  "renderTime": 904.9117259221077,
  "jsBundleSizeKB": 10.083984375,
  "hasJank": true,
  "imageLoadTime": 0
}