{
  "pageName": "missinguseMemoTest236",
  "LCP": 2201.5917,
  "FID": 497,
  "CLS": 0,
  "TBT": 561,
  "renderTime": 941.7883799445915,
  "jsBundleSizeKB": 9.5673828125,
  "hasJank": true,
  "imageLoadTime": 0
}