{
  "pageName": "missinguseMemoTest71",
  "LCP": 2328.6469499999994,
  "FID": 455,
  "CLS": 0,
  "TBT": 562,
  "renderTime": 932.3597420595073,
  "jsBundleSizeKB": 9.8662109375,
  "hasJank": true,
  "imageLoadTime": 0
}