{
  "pageName": "missinguseMemoTest194",
  "LCP": 2132.9105,
  "FID": 430,
  "CLS": 0,
  "TBT": 499,
  "renderTime": 1140.6251199995993,
  "jsBundleSizeKB": 10.7353515625,
  "hasJank": true,
  "imageLoadTime": 0
}