{
  "pageName": "missinguseMemoTest225",
  "LCP": 2413.7041000000004,
  "FID": 433,
  "CLS": 0.2308647041885125,
  "TBT": 508.99999999999955,
  "renderTime": 2331.009039953604,
  "jsBundleSizeKB": 11.0400390625,
  "hasJank": true,
  "imageLoadTime": 0
}