{
  "pageName": "missinguseMemoTest19",
  "LCP": 1865.6748499999997,
  "FID": 10000,
  "CLS": 0,
  "TBT": 10124.5,
  "renderTime": 7719.4060119559,
  "jsBundleSizeKB": 9.2802734375,
  "hasJank": true,
  "imageLoadTime": 0
}