{
  "pageName": "missinguseMemoTest233",
  "LCP": 8610.110799999999,
  "FID": 6075,
  "CLS": 0.16122042883836393,
  "TBT": 7042,
  "renderTime": 8869.156511996824,
  "jsBundleSizeKB": 12.791015625,
  "hasJank": true,
  "imageLoadTime": 0
}