{
  "pageName": "missinguseMemoTest235",
  "LCP": 2417.6315000000004,
  "FID": 430,
  "CLS": 0,
  "TBT": 466,
  "renderTime": 1687.6331780028108,
  "jsBundleSizeKB": 13.89453125,
  "hasJank": true,
  "imageLoadTime": 0
}