{
  "pageName": "missinguseMemoTest162",
  "LCP": 2138.6029000000003,
  "FID": 10000,
  "CLS": 0,
  "TBT": 10275,
  "renderTime": 6454.035188006983,
  "jsBundleSizeKB": 8.04296875,
  "hasJank": true,
  "imageLoadTime": 0
}