{
  "pageName": "missinguseMemoTest90",
  "LCP": 1978.0717499999998,
  "FID": 10000,
  "CLS": 0.04561230780750781,
  "TBT": 10389,
  "renderTime": 6870.81312006115,
  "jsBundleSizeKB": 6.2822265625,
  "hasJank": true,
  "imageLoadTime": 0
}