{
  "pageName": "missinguseMemoTest149",
  "LCP": 1980.6692500000001,
  "FID": 432,
  "CLS": 0,
  "TBT": 437,
  "renderTime": 891.5315160122298,
  "jsBundleSizeKB": 8.685546875,
  "hasJank": true,
  "imageLoadTime": 0
}