{
  "pageName": "missinguseMemoTest258",
  "LCP": 2194.3476,
  "FID": 428,
  "CLS": 0,
  "TBT": 695,
  "renderTime": 1419.2402920160816,
  "jsBundleSizeKB": 8.986328125,
  "hasJank": true,
  "imageLoadTime": 0
}