{
  "pageName": "missinguseMemoTest49",
  "LCP": 2134.6371999999997,
  "FID": 425,
  "CLS": 0.22270730546729048,
  "TBT": 477,
  "renderTime": 1528.231671990614,
  "jsBundleSizeKB": 10.087890625,
  "hasJank": true,
  "imageLoadTime": 0
}