{
  "pageName": "missinguseMemoTest24",
  "LCP": 1548.8007499999999,
  "FID": 147,
  "CLS": 0,
  "TBT": 171,
  "renderTime": 3521.632564036302,
  "jsBundleSizeKB": 5.1689453125,
  "hasJank": false,
  "imageLoadTime": 0
}