{
  "pageName": "missinguseMemoTest22",
  "LCP": 2593.4972000000002,
  "FID": 436,
  "CLS": 0,
  "TBT": 640,
  "renderTime": 1590.0465359982104,
  "jsBundleSizeKB": 10.7353515625,
  "hasJank": true,
  "imageLoadTime": 0
}