{
  "pageName": "missinguseMemoTest161",
  "LCP": 2124.7893999999997,
  "FID": 421,
  "CLS": 0.23567013016160984,
  "TBT": 421,
  "renderTime": 1644.7904759606931,
  "jsBundleSizeKB": 8.3359375,
  "hasJank": true,
  "imageLoadTime": 0
}