{
  "pageName": "missinguseMemoTest104",
  "LCP": 1976.83725,
  "FID": 432,
  "CLS": 0.0767470604517714,
  "TBT": 393,
  "renderTime": 1851.7118480355548,
  "jsBundleSizeKB": 7.1572265625,
  "hasJank": false,
  "imageLoadTime": 0
}