{
  "pageName": "missinguseMemoTest44",
  "LCP": 4148.212100000001,
  "FID": 4041.0000000000005,
  "CLS": 0,
  "TBT": 4468,
  "renderTime": 5884.975420028773,
  "jsBundleSizeKB": 8.1064453125,
  "hasJank": true,
  "imageLoadTime": 0
}