{
  "pageName": "missinguseMemoTest283",
  "LCP": 2181.5434999999998,
  "FID": 420,
  "CLS": 0,
  "TBT": 963.4999999999998,
  "renderTime": 1660.1066059236764,
  "jsBundleSizeKB": 8.986328125,
  "hasJank": true,
  "imageLoadTime": 0
}