{
  "pageName": "missinguseMemoTest152",
  "LCP": 1992.5781999999997,
  "FID": 8007,
  "CLS": 0,
  "TBT": 8365,
  "renderTime": 4392.806985958224,
  "jsBundleSizeKB": 7.2275390625,
  "hasJank": true,
  "imageLoadTime": 0
}