{
  "pageName": "missinguseMemoTest27",
  "LCP": 6849.58115,
  "FID": 10000,
  "CLS": 0,
  "TBT": 10818,
  "renderTime": 12266.052842012343,
  "jsBundleSizeKB": 8.9853515625,
  "hasJank": true,
  "imageLoadTime": 0
}