{
  "pageName": "missinguseMemoTest266",
  "LCP": 6380.668600000001,
  "FID": 8058.000000000001,
  "CLS": 0,
  "TBT": 8447.4049,
  "renderTime": 10309.204511969987,
  "jsBundleSizeKB": 11.0390625,
  "hasJank": true,
  "imageLoadTime": 0
}