{
  "pageName": "missinguseMemoTest130",
  "LCP": 2055.0694000000003,
  "FID": 498,
  "CLS": 0,
  "TBT": 491,
  "renderTime": 1447.5072042976676,
  "jsBundleSizeKB": 7.1611328125,
  "hasJank": true,
  "imageLoadTime": 0
}