{
  "pageName": "missinguseMemoTest20",
  "LCP": 2132.9579499999995,
  "FID": 161,
  "CLS": 0.08455184626042611,
  "TBT": 163,
  "renderTime": 2396.896680021696,
  "jsBundleSizeKB": 10.16015625,
  "hasJank": false,
  "imageLoadTime": 0
}