{
  "pageName": "missinguseMemoTest13",
  "LCP": 5406.008449999999,
  "FID": 6070,
  "CLS": 0.16122042883836393,
  "TBT": 6475.429175,
  "renderTime": 8689.862747982148,
  "jsBundleSizeKB": 10.74609375,
  "hasJank": true,
  "imageLoadTime": 0
}