{
  "pageName": "missinguseMemoTest157",
  "LCP": 2189.1182,
  "FID": 423,
  "CLS": 0,
  "TBT": 507,
  "renderTime": 926.5038440316963,
  "jsBundleSizeKB": 10.4443359375,
  "hasJank": true,
  "imageLoadTime": 0
}