{
  "pageName": "missinguseMemoTest178",
  "LCP": 2479.3428,
  "FID": 423,
  "CLS": 0,
  "TBT": 730,
  "renderTime": 1698.585952002163,
  "jsBundleSizeKB": 14.255859375,
  "hasJank": true,
  "imageLoadTime": 0
}