{
  "pageName": "missinguseMemoTest147",
  "LCP": 2299.1496,
  "FID": 434,
  "CLS": 0,
  "TBT": 437,
  "renderTime": 1422.840707979145,
  "jsBundleSizeKB": 10.388671875,
  "hasJank": true,
  "imageLoadTime": 0
}