{
  "pageName": "missinguseMemoTest138",
  "LCP": 2413.5576,
  "FID": 425,
  "CLS": 0,
  "TBT": 721.5,
  "renderTime": 1704.229878035822,
  "jsBundleSizeKB": 13.376953125,
  "hasJank": true,
  "imageLoadTime": 0
}