{
  "pageName": "missinguseMemoTest272",
  "LCP": 6621.1504,
  "FID": 4055.0000000000005,
  "CLS": 0,
  "TBT": 4475,
  "renderTime": 6965.46638000287,
  "jsBundleSizeKB": 11.916015625,
  "hasJank": true,
  "imageLoadTime": 0
}