{
  "pageName": "missinguseMemoTest14",
  "LCP": 1978.1342000000002,
  "FID": 423,
  "CLS": 0,
  "TBT": 391,
  "renderTime": 893.9966100245999,
  "jsBundleSizeKB": 7.4560546875,
  "hasJank": false,
  "imageLoadTime": 0
}