{
  "pageName": "missinguseMemoTest17",
  "LCP": 5143.72395,
  "FID": 6097,
  "CLS": 0.1329006667781172,
  "TBT": 6615.587425,
  "renderTime": 8409.803375987964,
  "jsBundleSizeKB": 11.0419921875,
  "hasJank": true,
  "imageLoadTime": 0
}