{
  "pageName": "missinguseMemoTest18",
  "LCP": 9906.4967,
  "FID": 8034.999999999999,
  "CLS": 0,
  "TBT": 8145.999999999999,
  "renderTime": 8325.403190150482,
  "jsBundleSizeKB": 9.2724609375,
  "hasJank": true,
  "imageLoadTime": 0
}