{
  "pageName": "missinguseMemoTest99",
  "LCP": 2135.5652,
  "FID": 431,
  "CLS": 0,
  "TBT": 445,
  "renderTime": 1402.8823740172766,
  "jsBundleSizeKB": 8.04296875,
  "hasJank": true,
  "imageLoadTime": 0
}