{
  "pageName": "missinguseMemoTest263",
  "LCP": 2211.8265499999998,
  "FID": 426,
  "CLS": 0,
  "TBT": 487,
  "renderTime": 928.7396359496449,
  "jsBundleSizeKB": 9.5751953125,
  "hasJank": true,
  "imageLoadTime": 0
}