{
  "pageName": "missinguseMemoTest132",
  "LCP": 1830.1568,
  "FID": 436,
  "CLS": 0.07577952502094644,
  "TBT": 431,
  "renderTime": 1877.063737992698,
  "jsBundleSizeKB": 5.984375,
  "hasJank": true,
  "imageLoadTime": 0
}