{
  "pageName": "missinguseMemoTest137",
  "LCP": 2399.4093,
  "FID": 426,
  "CLS": 0.000004414828336208728,
  "TBT": 703.9999999999998,
  "renderTime": 1647.8524438543395,
  "jsBundleSizeKB": 12.7919921875,
  "hasJank": true,
  "imageLoadTime": 0
}