{
  "pageName": "missinguseMemoTest102",
  "LCP": 1975.0881999999997,
  "FID": 427,
  "CLS": 0,
  "TBT": 428.5,
  "renderTime": 904.594770047431,
  "jsBundleSizeKB": 7.2265625,
  "hasJank": true,
  "imageLoadTime": 0
}