{
  "pageName": "missinguseMemoTest155",
  "LCP": 2174.3674,
  "FID": 433,
  "CLS": 0,
  "TBT": 891.0000000000002,
  "renderTime": 1586.623252032838,
  "jsBundleSizeKB": 11.3203125,
  "hasJank": true,
  "imageLoadTime": 0
}