{
  "pageName": "missinguseMemoTest254",
  "LCP": 2183.3839,
  "FID": 430,
  "CLS": 0,
  "TBT": 712,
  "renderTime": 1589.2606180536127,
  "jsBundleSizeKB": 8.3984375,
  "hasJank": true,
  "imageLoadTime": 0
}