{
  "pageName": "missinguseMemoTest16",
  "LCP": 1739.15825,
  "FID": 154,
  "CLS": 0,
  "TBT": 160,
  "renderTime": 1276.8737339359998,
  "jsBundleSizeKB": 6.6416015625,
  "hasJank": false,
  "imageLoadTime": 0
}