{
  "pageName": "missinguseMemoTest220",
  "LCP": 9887.030499999999,
  "FID": 8062,
  "CLS": 0,
  "TBT": 8475,
  "renderTime": 3626.9501020050666,
  "jsBundleSizeKB": 4.5830078125,
  "hasJank": true,
  "imageLoadTime": 0
}