{
  "pageName": "missinguseMemoTest211",
  "LCP": 2130.8534999999997,
  "FID": 429,
  "CLS": 0,
  "TBT": 474.0000000000002,
  "renderTime": 980.5191039978502,
  "jsBundleSizeKB": 11.025390625,
  "hasJank": true,
  "imageLoadTime": 0
}