{
  "pageName": "missinguseMemoTest91",
  "LCP": 2292.8240000000005,
  "FID": 428,
  "CLS": 0,
  "TBT": 498,
  "renderTime": 916.2083659535169,
  "jsBundleSizeKB": 11.3310546875,
  "hasJank": true,
  "imageLoadTime": 0
}