{
  "pageName": "missinguseMemoTest188",
  "LCP": 1819.2957499999998,
  "FID": 425,
  "CLS": 0,
  "TBT": 555,
  "renderTime": 934.2620319806671,
  "jsBundleSizeKB": 6.0537109375,
  "hasJank": true,
  "imageLoadTime": 0
}