{
  "pageName": "missinguseMemoTest62",
  "LCP": 2409.0771999999997,
  "FID": 424,
  "CLS": 0,
  "TBT": 710.5,
  "renderTime": 1664.563372038846,
  "jsBundleSizeKB": 11.0400390625,
  "hasJank": true,
  "imageLoadTime": 0
}