{
  "pageName": "missinguseMemoTest50",
  "LCP": 2137.259,
  "FID": 431,
  "CLS": 0,
  "TBT": 542,
  "renderTime": 926.8966180425643,
  "jsBundleSizeKB": 11.029296875,
  "hasJank": true,
  "imageLoadTime": 0
}