{
  "pageName": "missinguseMemoTest156",
  "LCP": 2142.2758999999996,
  "FID": 437,
  "CLS": 0,
  "TBT": 475.9999999999998,
  "renderTime": 924.754397935686,
  "jsBundleSizeKB": 8.916015625,
  "hasJank": true,
  "imageLoadTime": 0
}