{
  "pageName": "missinguseMemoTest192",
  "LCP": 1821.98925,
  "FID": 429,
  "CLS": 0.008317135237386681,
  "TBT": 492,
  "renderTime": 1394.2139260459091,
  "jsBundleSizeKB": 5.759765625,
  "hasJank": true,
  "imageLoadTime": 0
}