{
  "pageName": "missinguseMemoTest154",
  "LCP": 1971.8887499999998,
  "FID": 426,
  "CLS": 0,
  "TBT": 421,
  "renderTime": 986.6408019443518,
  "jsBundleSizeKB": 6.2822265625,
  "hasJank": true,
  "imageLoadTime": 0
}