{
  "pageName": "missinguseMemoTest14",
  "LCP": 1699.6437500000002,
  "FID": 10000,
  "CLS": 0,
  "TBT": 10449.5,
  "renderTime": 814.756119934678,
  "jsBundleSizeKB": 6.640625,
  "hasJank": true,
  "imageLoadTime": 0
}