{
  "pageName": "missinguseMemoTest16",
  "LCP": 2123.5959,
  "FID": 8004.999999999999,
  "CLS": 0,
  "TBT": 8341,
  "renderTime": 4462.206049948197,
  "jsBundleSizeKB": 7.8125,
  "hasJank": true,
  "imageLoadTime": 0
}