{
  "pageName": "missinguseMemoTest139",
  "LCP": 2288.5364000000004,
  "FID": 423,
  "CLS": 0,
  "TBT": 927.0000000000002,
  "renderTime": 948.2411799842787,
  "jsBundleSizeKB": 10.7451171875,
  "hasJank": true,
  "imageLoadTime": 0
}