{
  "pageName": "missinguseMemoTest207",
  "LCP": 2313.0120500000003,
  "FID": 10000,
  "CLS": 0,
  "TBT": 11168,
  "renderTime": 7821.84303198267,
  "jsBundleSizeKB": 10.16015625,
  "hasJank": true,
  "imageLoadTime": 0
}