{
  "pageName": "missinguseMemoTest10",
  "LCP": 2184.5263999999997,
  "FID": 433,
  "CLS": 0,
  "TBT": 748,
  "renderTime": 1595.6361240188453,
  "jsBundleSizeKB": 8.9853515625,
  "hasJank": true,
  "imageLoadTime": 0
}