{
  "pageName": "missinguseMemoTest89",
  "LCP": 1979.89725,
  "FID": 433,
  "CLS": 0,
  "TBT": 397,
  "renderTime": 902.428680018692,
  "jsBundleSizeKB": 6.283203125,
  "hasJank": false,
  "imageLoadTime": 0
}