{
  "pageName": "missinguseMemoTest135",
  "LCP": 12505.206000000002,
  "FID": 10000,
  "CLS": 0,
  "TBT": 10416,
  "renderTime": 12403.425403958965,
  "jsBundleSizeKB": 11.6142578125,
  "hasJank": true,
  "imageLoadTime": 0
}