{
  "pageName": "missinguseMemoTest125",
  "LCP": 2145.173,
  "FID": 427,
  "CLS": 0,
  "TBT": 419.0000000000002,
  "renderTime": 897.4422300130843,
  "jsBundleSizeKB": 8.3369140625,
  "hasJank": true,
  "imageLoadTime": 0
}