{
  "pageName": "missinguseMemoTest248",
  "LCP": 2132.1569,
  "FID": 429,
  "CLS": 0,
  "TBT": 544,
  "renderTime": 3632.819701983337,
  "jsBundleSizeKB": 6.6396484375,
  "hasJank": true,
  "imageLoadTime": 0
}