{
  "pageName": "missinguseMemoTest13",
  "LCP": 1698.5287499999997,
  "FID": 151,
  "CLS": 0,
  "TBT": 190,
  "renderTime": 836.1398279729366,
  "jsBundleSizeKB": 6.283203125,
  "hasJank": false,
  "imageLoadTime": 0
}