{
  "pageName": "missinguseMemoTest274",
  "LCP": 2185.3584,
  "FID": 426,
  "CLS": 0,
  "TBT": 703,
  "renderTime": 1594.1179100707627,
  "jsBundleSizeKB": 8.4013671875,
  "hasJank": true,
  "imageLoadTime": 0
}