{
  "pageName": "missinguseMemoTest69",
  "LCP": 1974.5669999999998,
  "FID": 10000,
  "CLS": 0,
  "TBT": 10720.6701,
  "renderTime": 949.273578060255,
  "jsBundleSizeKB": 6.6396484375,
  "hasJank": true,
  "imageLoadTime": 0
}