{
  "pageName": "missinguseMemoTest98",
  "LCP": 1972.9541999999997,
  "FID": 425,
  "CLS": 0.09260926632046292,
  "TBT": 444,
  "renderTime": 1525.0051060486126,
  "jsBundleSizeKB": 9.4990234375,
  "hasJank": true,
  "imageLoadTime": 0
}