{
  "pageName": "missinguseMemoTest214",
  "LCP": 2169.6606500000003,
  "FID": 445,
  "CLS": 0,
  "TBT": 509,
  "renderTime": 1348.078782000594,
  "jsBundleSizeKB": 8.986328125,
  "hasJank": true,
  "imageLoadTime": 0
}