{
  "pageName": "missinguseMemoTest32",
  "LCP": 2030.13325,
  "FID": 436,
  "CLS": 0,
  "TBT": 469,
  "renderTime": 1332.8294800032713,
  "jsBundleSizeKB": 8.39453125,
  "hasJank": true,
  "imageLoadTime": 0
}