{
  "pageName": "missinguseMemoTest46",
  "LCP": 2199.8088,
  "FID": 428,
  "CLS": 0,
  "TBT": 533.0673999999999,
  "renderTime": 921.1617900373172,
  "jsBundleSizeKB": 11.322265625,
  "hasJank": true,
  "imageLoadTime": 0
}