{
  "pageName": "missinguseMemoTest145",
  "LCP": 2131.9166999999998,
  "FID": 429,
  "CLS": 0,
  "TBT": 514,
  "renderTime": 929.9786680014419,
  "jsBundleSizeKB": 9.857421875,
  "hasJank": true,
  "imageLoadTime": 0
}