{
  "pageName": "missinguseMemoTest83",
  "LCP": 2217.0269000000003,
  "FID": 10000,
  "CLS": 0.1641364731229336,
  "TBT": 10926.427875000001,
  "renderTime": 8389.43511601313,
  "jsBundleSizeKB": 8.921875,
  "hasJank": true,
  "imageLoadTime": 0
}