{
  "pageName": "missinguseMemoTest261",
  "LCP": 2011.8774999999998,
  "FID": 419,
  "CLS": 0,
  "TBT": 485,
  "renderTime": 1006.8242560092924,
  "jsBundleSizeKB": 9.564453125,
  "hasJank": true,
  "imageLoadTime": 0
}