{
  "pageName": "missinguseMemoTest23",
  "LCP": 2324.6481999999996,
  "FID": 421,
  "CLS": 0,
  "TBT": 516.5,
  "renderTime": 912.5607480239057,
  "jsBundleSizeKB": 13.3740234375,
  "hasJank": true,
  "imageLoadTime": 0
}