{
  "pageName": "missinguseMemoTest295",
  "LCP": 1975.9566,
  "FID": 428,
  "CLS": 0.23149360221854873,
  "TBT": 496,
  "renderTime": 1551.5395640141392,
  "jsBundleSizeKB": 7.455078125,
  "hasJank": true,
  "imageLoadTime": 0
}