{
  "pageName": "missinguseMemoTest229",
  "LCP": 2127.5035000000003,
  "FID": 424,
  "CLS": 0.23567013016160984,
  "TBT": 479,
  "renderTime": 1662.6885159997462,
  "jsBundleSizeKB": 8.626953125,
  "hasJank": true,
  "imageLoadTime": 0
}