{
  "pageName": "missinguseMemoTest150",
  "LCP": 6556.3532,
  "FID": 8007,
  "CLS": 0.05844989041550372,
  "TBT": 8463,
  "renderTime": 6204.853344344205,
  "jsBundleSizeKB": 11.5625,
  "hasJank": true,
  "imageLoadTime": 0
}