{
  "pageName": "missinguseMemoTest7",
  "LCP": 1900.7014999999997,
  "FID": 303,
  "CLS": 0,
  "TBT": 566.9999999999998,
  "renderTime": 1357.5901540000198,
  "jsBundleSizeKB": 8.107421875,
  "hasJank": true,
  "imageLoadTime": 0
}