{
  "pageName": "missinguseMemoTest210",
  "LCP": 12299.71235,
  "FID": 10000,
  "CLS": 0,
  "TBT": 10370,
  "renderTime": 6649.533758606018,
  "jsBundleSizeKB": 9.7919921875,
  "hasJank": true,
  "imageLoadTime": 0
}