{
  "pageName": "missinguseMemoTest208",
  "LCP": 2043.2075000000002,
  "FID": 8090,
  "CLS": 0,
  "TBT": 8367,
  "renderTime": 3675.5483120446206,
  "jsBundleSizeKB": 7.4560546875,
  "hasJank": true,
  "imageLoadTime": 0
}