{
  "pageName": "missinguseMemoTest164",
  "LCP": 3852.9008000000003,
  "FID": 4052,
  "CLS": 0.002151454785557095,
  "TBT": 4399,
  "renderTime": 5803.1213699781365,
  "jsBundleSizeKB": 5.1748046875,
  "hasJank": true,
  "imageLoadTime": 0
}