{
  "pageName": "missinguseMemoTest227",
  "LCP": 12292.503200000001,
  "FID": 10000,
  "CLS": 0,
  "TBT": 10353,
  "renderTime": 8219.667630064587,
  "jsBundleSizeKB": 9.7900390625,
  "hasJank": true,
  "imageLoadTime": 0
}