{
  "pageName": "missinguseMemoTest109",
  "LCP": 2411.5942,
  "FID": 441,
  "CLS": 0.23567013016160984,
  "TBT": 450.5,
  "renderTime": 2357.437063974552,
  "jsBundleSizeKB": 12.43359375,
  "hasJank": true,
  "imageLoadTime": 0
}