{
  "pageName": "missinguseMemoTest217",
  "LCP": 1829.81475,
  "FID": 10000,
  "CLS": 0.16383384954095892,
  "TBT": 10365,
  "renderTime": 5519.350013997249,
  "jsBundleSizeKB": 5.6953125,
  "hasJank": true,
  "imageLoadTime": 0
}