{
  "pageName": "missinguseMemoTest64",
  "LCP": 2038.6495,
  "FID": 427,
  "CLS": 0.08390144744303822,
  "TBT": 728.9999999999995,
  "renderTime": 2286.3945040322296,
  "jsBundleSizeKB": 8.98046875,
  "hasJank": true,
  "imageLoadTime": 0
}