{
  "pageName": "missinguseMemoTest141",
  "LCP": 2412.9984999999997,
  "FID": 433,
  "CLS": 0.23567013016160984,
  "TBT": 485,
  "renderTime": 2079.037599804722,
  "jsBundleSizeKB": 11.33203125,
  "hasJank": true,
  "imageLoadTime": 0
}