{
  "pageName": "missinguseMemoTest59",
  "LCP": 2144.1781,
  "FID": 10000,
  "CLS": 0.1739005181790089,
  "TBT": 10506,
  "renderTime": 8336.037592002429,
  "jsBundleSizeKB": 8.6923828125,
  "hasJank": true,
  "imageLoadTime": 0
}