{
  "pageName": "missinguseMemoTest292",
  "LCP": 1982.1379000000002,
  "FID": 432,
  "CLS": 0,
  "TBT": 465,
  "renderTime": 906.5461679893589,
  "jsBundleSizeKB": 7.162109375,
  "hasJank": true,
  "imageLoadTime": 0
}