{
  "pageName": "misuseduseEffectTest234",
  "LCP": 4628.472,
  "FID": 4035.185,
  "CLS": 0,
  "TBT": 3985.1850000000004,
  "renderTime": 4456,
  "jsBundleSizeKB": 9.2685546875,
  "hasJank": true,
  "imageLoadTime": 0
}