{
  "pageName": "misuseduseEffectTest93",
  "LCP": 524.606,
  "FID": 79.08,
  "CLS": 0,
  "TBT": 29.079999999999927,
  "renderTime": 495,
  "jsBundleSizeKB": 8.9775390625,
  "hasJank": false,
  "imageLoadTime": 0
}