{
  "pageName": "misuseduseEffectTest211",
  "LCP": 5568.956,
  "FID": 5030.209,
  "CLS": 0,
  "TBT": 4980.208999938965,
  "renderTime": 5497,
  "jsBundleSizeKB": 10.9609375,
  "hasJank": true,
  "imageLoadTime": 0
}