{
  "pageName": "misuseduseEffectTest27",
  "LCP": 1855.1247999999996,
  "FID": 350.9999999999998,
  "CLS": 0,
  "TBT": 482.9999999999998,
  "renderTime": 833.5774759994126,
  "jsBundleSizeKB": 11.9072265625,
  "hasJank": true,
  "imageLoadTime": 0
}