{
  "pageName": "misuseduseEffectTest209",
  "LCP": 511.15,
  "FID": 25.188,
  "CLS": 0.35350519524241475,
  "TBT": 0,
  "renderTime": 926,
  "jsBundleSizeKB": 8.3916015625,
  "hasJank": false,
  "imageLoadTime": 0
}