{
  "pageName": "misuseduseEffectTest273",
  "LCP": 2617.013,
  "FID": 57.683,
  "CLS": 0,
  "TBT": 7.682999938964713,
  "renderTime": 2308,
  "jsBundleSizeKB": 8.6845703125,
  "hasJank": false,
  "imageLoadTime": 0
}