{
  "pageName": "misuseduseEffectTest281",
  "LCP": 517.696,
  "FID": 57.49,
  "CLS": 0.22270730546729048,
  "TBT": 11.474999999999682,
  "renderTime": 943,
  "jsBundleSizeKB": 8.3916015625,
  "hasJank": false,
  "imageLoadTime": 0
}