{
  "pageName": "misuseduseEffectTest244",
  "LCP": 2617.411,
  "FID": 56.356,
  "CLS": 0,
  "TBT": 6.356000000000222,
  "renderTime": 2077,
  "jsBundleSizeKB": 8.98046875,
  "hasJank": false,
  "imageLoadTime": 0
}