{
  "pageName": "misuseduseEffectTest164",
  "LCP": 2527.369,
  "FID": 2018.925,
  "CLS": 0,
  "TBT": 1968.924999938965,
  "renderTime": 2427,
  "jsBundleSizeKB": 5.1044921875,
  "hasJank": true,
  "imageLoadTime": 0
}