{
  "pageName": "misuseduseEffectTest236",
  "LCP": 531.085,
  "FID": 42.396,
  "CLS": 0.07124070881100976,
  "TBT": 0,
  "renderTime": 1166,
  "jsBundleSizeKB": 8.0361328125,
  "hasJank": false,
  "imageLoadTime": 0
}