{
  "pageName": "misuseduseEffectTest51",
  "LCP": 5597.883,
  "FID": 5047.824,
  "CLS": 0.16767496520133404,
  "TBT": 5012.781999938964,
  "renderTime": 5832,
  "jsBundleSizeKB": 12.2001953125,
  "hasJank": true,
  "imageLoadTime": 0
}