{
  "pageName": "misuseduseEffectTest15",
  "LCP": 1902.1819,
  "FID": 147,
  "CLS": 0,
  "TBT": 191,
  "renderTime": 1362.8684519922829,
  "jsBundleSizeKB": 11.3193359375,
  "hasJank": true,
  "imageLoadTime": 0
}