{
  "pageName": "misuseduseEffectTest1",
  "LCP": 2312.7335000000003,
  "FID": 149,
  "CLS": 0,
  "TBT": 174.99999999999977,
  "renderTime": 3249.9579660074232,
  "jsBundleSizeKB": 12.2060546875,
  "hasJank": false,
  "imageLoadTime": 0
}