{
  "pageName": "misuseduseEffectTest112",
  "LCP": 545.921,
  "FID": 79.961,
  "CLS": 0,
  "TBT": 29.960999999999785,
  "renderTime": 502,
  "jsBundleSizeKB": 8.98046875,
  "hasJank": false,
  "imageLoadTime": 0
}