{
  "pageName": "misuseduseEffectTest115",
  "LCP": 606.614,
  "FID": 36.051,
  "CLS": 0.23567013016160984,
  "TBT": 0,
  "renderTime": 1062,
  "jsBundleSizeKB": 12.7861328125,
  "hasJank": false,
  "imageLoadTime": 0
}