{
  "pageName": "misuseduseEffectTest245",
  "LCP": 3550.6,
  "FID": 3016.82,
  "CLS": 0,
  "TBT": 2966.8199998779296,
  "renderTime": 3408,
  "jsBundleSizeKB": 8.0986328125,
  "hasJank": true,
  "imageLoadTime": 0
}