{
  "pageName": "misuseduseEffectTest6",
  "LCP": 2281.0649499999995,
  "FID": 152,
  "CLS": 0,
  "TBT": 186,
  "renderTime": 798.053752008171,
  "jsBundleSizeKB": 11.3212890625,
  "hasJank": false,
  "imageLoadTime": 0
}