{
  "pageName": "misuseduseEffectTest253",
  "LCP": 3598.149,
  "FID": 3024.428,
  "CLS": 0,
  "TBT": 2974.4279999389646,
  "renderTime": 3490,
  "jsBundleSizeKB": 9.2724609375,
  "hasJank": true,
  "imageLoadTime": 0
}