{
  "pageName": "misuseduseEffectTest174",
  "LCP": 4567.406,
  "FID": 4034.537,
  "CLS": 0.04085149596816519,
  "TBT": 3984.537,
  "renderTime": 4768,
  "jsBundleSizeKB": 10.44140625,
  "hasJank": true,
  "imageLoadTime": 0
}