{
  "pageName": "misuseduseEffectTest225",
  "LCP": 512.592,
  "FID": 3002.705,
  "CLS": 0,
  "TBT": 2952.7050000000004,
  "renderTime": 507,
  "jsBundleSizeKB": 9.794921875,
  "hasJank": true,
  "imageLoadTime": 0
}