{
  "pageName": "misuseduseEffectTest58",
  "LCP": 534.066,
  "FID": 24.899,
  "CLS": 0.13365695697321206,
  "TBT": 0,
  "renderTime": 954,
  "jsBundleSizeKB": 11.5517578125,
  "hasJank": false,
  "imageLoadTime": 0
}