{
  "pageName": "misuseduseEffectTest33",
  "LCP": 2631.549,
  "FID": 59.083,
  "CLS": 0,
  "TBT": 9.083000000000084,
  "renderTime": 2283,
  "jsBundleSizeKB": 10.4453125,
  "hasJank": false,
  "imageLoadTime": 0
}