{
  "pageName": "misuseduseEffectTest150",
  "LCP": 516.91,
  "FID": 24.939,
  "CLS": 0.08374287913631968,
  "TBT": 0,
  "renderTime": 900,
  "jsBundleSizeKB": 10.7353515625,
  "hasJank": false,
  "imageLoadTime": 0
}