{
  "pageName": "misuseduseEffectTest60",
  "LCP": 525.513,
  "FID": 2005.338,
  "CLS": 0,
  "TBT": 1955.3380000000002,
  "renderTime": 502,
  "jsBundleSizeKB": 7.5146484375,
  "hasJank": true,
  "imageLoadTime": 0
}