{
  "pageName": "misuseduseEffectTest13",
  "LCP": 11690.812249999999,
  "FID": 9999.999999999998,
  "CLS": 0,
  "TBT": 10258.999999999998,
  "renderTime": 4925.7670079395575,
  "jsBundleSizeKB": 6.92578125,
  "hasJank": true,
  "imageLoadTime": 0
}