{
  "pageName": "misuseduseEffectTest288",
  "LCP": 502.433,
  "FID": 17.095,
  "CLS": 0.07189863290397074,
  "TBT": 0,
  "renderTime": 1145,
  "jsBundleSizeKB": 3.9306640625,
  "hasJank": false,
  "imageLoadTime": 0
}