{
  "pageName": "misuseduseEffectTest271",
  "LCP": 5557.58,
  "FID": 5045.132,
  "CLS": 0.16094414372089502,
  "TBT": 4996.209,
  "renderTime": 5812,
  "jsBundleSizeKB": 11.6142578125,
  "hasJank": true,
  "imageLoadTime": 0
}