{
  "pageName": "misuseduseEffectTest287",
  "LCP": 678.571,
  "FID": 87.487,
  "CLS": 0,
  "TBT": 37.48700000000008,
  "renderTime": 637,
  "jsBundleSizeKB": 11.3193359375,
  "hasJank": false,
  "imageLoadTime": 0
}