{
  "pageName": "misuseduseEffectTest270",
  "LCP": 4553.663,
  "FID": 4037.967,
  "CLS": 0,
  "TBT": 3987.966999938965,
  "renderTime": 4342,
  "jsBundleSizeKB": 10.6728515625,
  "hasJank": true,
  "imageLoadTime": 0
}