{
  "pageName": "misuseduseEffectTest20",
  "LCP": 10009.11425,
  "FID": 8007,
  "CLS": 0,
  "TBT": 8144,
  "renderTime": 3927.303351993417,
  "jsBundleSizeKB": 9.2734375,
  "hasJank": true,
  "imageLoadTime": 0
}