{
  "pageName": "misuseduseEffectTest73",
  "LCP": 544.782,
  "FID": 73.078,
  "CLS": 0,
  "TBT": 23.07799993896515,
  "renderTime": 592,
  "jsBundleSizeKB": 8.6845703125,
  "hasJank": true,
  "imageLoadTime": 0
}