{
  "pageName": "misuseduseEffectTest19",
  "LCP": 12156.366399999999,
  "FID": 10000,
  "CLS": 0,
  "TBT": 10070,
  "renderTime": 7742.2959920097055,
  "jsBundleSizeKB": 10.6689453125,
  "hasJank": true,
  "imageLoadTime": 0
}