{
  "pageName": "misuseduseEffectTest290",
  "LCP": 516.218,
  "FID": 17.447,
  "CLS": 0.06852838448659712,
  "TBT": 0,
  "renderTime": 913,
  "jsBundleSizeKB": 12.494140625,
  "hasJank": false,
  "imageLoadTime": 0
}