{
  "pageName": "misuseduseEffectTest141",
  "LCP": 515.335,
  "FID": 3004.868,
  "CLS": 0,
  "TBT": 2954.8680000000004,
  "renderTime": 477,
  "jsBundleSizeKB": 8.9775390625,
  "hasJank": true,
  "imageLoadTime": 0
}