{
  "pageName": "misuseduseEffectTest179",
  "LCP": 5581.802,
  "FID": 5031.776,
  "CLS": 0,
  "TBT": 4981.775999938965,
  "renderTime": 5389,
  "jsBundleSizeKB": 11.255859375,
  "hasJank": true,
  "imageLoadTime": 0
}