{
  "pageName": "misuseduseEffectTest280",
  "LCP": 2577.052,
  "FID": 56.193,
  "CLS": 0,
  "TBT": 6.193000000000211,
  "renderTime": 2051,
  "jsBundleSizeKB": 7.5146484375,
  "hasJank": false,
  "imageLoadTime": 0
}