{
  "pageName": "misuseduseEffectTest77",
  "LCP": 521.305,
  "FID": 71.8,
  "CLS": 0.2347068948882552,
  "TBT": 35.21100000000024,
  "renderTime": 1119,
  "jsBundleSizeKB": 10.73828125,
  "hasJank": false,
  "imageLoadTime": 0
}