{
  "pageName": "misuseduseEffectTest80",
  "LCP": 519.956,
  "FID": 16.569,
  "CLS": 0.08010118327863128,
  "TBT": 0,
  "renderTime": 1163,
  "jsBundleSizeKB": 9.5029296875,
  "hasJank": false,
  "imageLoadTime": 0
}