{
  "pageName": "propdrillingTest103",
  "LCP": 2786.946,
  "FID": 425,
  "CLS": 0,
  "TBT": 837,
  "renderTime": 1718.514470032544,
  "jsBundleSizeKB": 14.25390625,
  "hasJank": true,
  "imageLoadTime": 0
}