{
  "pageName": "propdrillingTest276",
  "LCP": 2142.6242,
  "FID": 427,
  "CLS": 0.000004414828336208728,
  "TBT": 396,
  "renderTime": 908.9421540350007,
  "jsBundleSizeKB": 7.1572265625,
  "hasJank": true,
  "imageLoadTime": 0
}