{
  "pageName": "propdrillingTest21",
  "LCP": 2385.0948999999996,
  "FID": 426,
  "CLS": 0,
  "TBT": 452,
  "renderTime": 909.7613640055943,
  "jsBundleSizeKB": 9.859375,
  "hasJank": true,
  "imageLoadTime": 0
}