{
  "pageName": "propdrillingTest136",
  "LCP": 1814.2082,
  "FID": 423,
  "CLS": 0,
  "TBT": 397,
  "renderTime": 897.741489973731,
  "jsBundleSizeKB": 6.0478515625,
  "hasJank": false,
  "imageLoadTime": 0
}