{
  "pageName": "propdrillingTest261",
  "LCP": 2252.9004999999997,
  "FID": 428,
  "CLS": 0,
  "TBT": 453.9999999999998,
  "renderTime": 897.3314499938249,
  "jsBundleSizeKB": 9.564453125,
  "hasJank": true,
  "imageLoadTime": 0
}