{
  "pageName": "propdrillingTest18",
  "LCP": 12265.8434,
  "FID": 10000,
  "CLS": 0.09007701109012045,
  "TBT": 10341,
  "renderTime": 6887.262090010147,
  "jsBundleSizeKB": 10.4423828125,
  "hasJank": true,
  "imageLoadTime": 0
}