{
  "pageName": "propdrillingTest44",
  "LCP": 2202.8578999999995,
  "FID": 415,
  "CLS": 0,
  "TBT": 410,
  "renderTime": 906.6979200385856,
  "jsBundleSizeKB": 8.0380859375,
  "hasJank": false,
  "imageLoadTime": 0
}