{
  "pageName": "propdrillingTest5",
  "LCP": 2369.716,
  "FID": 417,
  "CLS": 0.22967141049049505,
  "TBT": 491,
  "renderTime": 1576.3866600356819,
  "jsBundleSizeKB": 10.4443359375,
  "hasJank": true,
  "imageLoadTime": 0
}