{
  "pageName": "propdrillingTest17",
  "LCP": 2065.4698000000003,
  "FID": 429,
  "CLS": 0,
  "TBT": 611,
  "renderTime": 1425.0767240506555,
  "jsBundleSizeKB": 7.8046875,
  "hasJank": true,
  "imageLoadTime": 0
}