{
  "pageName": "propdrillingTest2",
  "LCP": 12421.826400000002,
  "FID": 10000,
  "CLS": 0,
  "TBT": 10427,
  "renderTime": 6525.669323965139,
  "jsBundleSizeKB": 10.734375,
  "hasJank": true,
  "imageLoadTime": 0
}