{
  "pageName": "propdrillingTest198",
  "LCP": 2653.206,
  "FID": 433,
  "CLS": 0,
  "TBT": 516.0000000000005,
  "renderTime": 2435.609189959812,
  "jsBundleSizeKB": 11.615234375,
  "hasJank": true,
  "imageLoadTime": 0
}