{
  "pageName": "propdrillingTest28",
  "LCP": 1627.3237499999998,
  "FID": 149,
  "CLS": 0,
  "TBT": 143,
  "renderTime": 819.1483199995995,
  "jsBundleSizeKB": 5.10546875,
  "hasJank": false,
  "imageLoadTime": 0
}