{
  "pageName": "propdrillingTest297",
  "LCP": 12134.928899999999,
  "FID": 10000.000000000002,
  "CLS": 0.1610752985237402,
  "TBT": 10352.000000000002,
  "renderTime": 5566.499519955407,
  "jsBundleSizeKB": 8.6845703125,
  "hasJank": true,
  "imageLoadTime": 0
}