{
  "pageName": "propdrillingTest127",
  "LCP": 2892.8934999999997,
  "FID": 416,
  "CLS": 0,
  "TBT": 496,
  "renderTime": 1709.6060739946793,
  "jsBundleSizeKB": 15.1328125,
  "hasJank": true,
  "imageLoadTime": 0
}