{
  "pageName": "propdrillingTest135",
  "LCP": 2581.2714,
  "FID": 425,
  "CLS": 0,
  "TBT": 545,
  "renderTime": 935.0156539996528,
  "jsBundleSizeKB": 12.2001953125,
  "hasJank": true,
  "imageLoadTime": 0
}