{
  "pageName": "propdrillingTest25",
  "LCP": 1805.6037999999999,
  "FID": 151,
  "CLS": 0,
  "TBT": 164,
  "renderTime": 787.5824399775695,
  "jsBundleSizeKB": 6.8623046875,
  "hasJank": false,
  "imageLoadTime": 0
}