{
  "pageName": "propdrillingTest72",
  "LCP": 2141.7502,
  "FID": 425,
  "CLS": 0,
  "TBT": 571,
  "renderTime": 960.8907760662365,
  "jsBundleSizeKB": 7.80859375,
  "hasJank": true,
  "imageLoadTime": 0
}