{
  "pageName": "propdrillingTest4",
  "LCP": 1746.3281999999997,
  "FID": 157,
  "CLS": 0.04157048229720489,
  "TBT": 107,
  "renderTime": 2875.743757991696,
  "jsBundleSizeKB": 6.634765625,
  "hasJank": false,
  "imageLoadTime": 0
}