{
  "pageName": "propdrillingTest284",
  "LCP": 1839.4360000000001,
  "FID": 434,
  "CLS": 0,
  "TBT": 413,
  "renderTime": 899.0327559291172,
  "jsBundleSizeKB": 5.103515625,
  "hasJank": false,
  "imageLoadTime": 0
}