{
  "pageName": "propdrillingTest30",
  "LCP": 2392.7705499999997,
  "FID": 429,
  "CLS": 0.11986473940680217,
  "TBT": 454,
  "renderTime": 1668.3492479575484,
  "jsBundleSizeKB": 8.681640625,
  "hasJank": true,
  "imageLoadTime": 0
}