{
  "pageName": "propdrillingTest8",
  "LCP": 1833.0842499999999,
  "FID": 184,
  "CLS": 0.0897389112090155,
  "TBT": 179.5,
  "renderTime": 1805.2071400186917,
  "jsBundleSizeKB": 7.744140625,
  "hasJank": false,
  "imageLoadTime": 0
}