{
  "pageName": "propdrillingTest289",
  "LCP": 2314.5208,
  "FID": 434,
  "CLS": 0,
  "TBT": 578,
  "renderTime": 943.0602060083247,
  "jsBundleSizeKB": 10.4443359375,
  "hasJank": true,
  "imageLoadTime": 0
}