{
  "pageName": "propdrillingTest295",
  "LCP": 12432.691200000001,
  "FID": 10000,
  "CLS": 0,
  "TBT": 10383,
  "renderTime": 8198.408952004665,
  "jsBundleSizeKB": 10.669921875,
  "hasJank": true,
  "imageLoadTime": 0
}