{
  "pageName": "propdrillingTest219",
  "LCP": 12415.5088,
  "FID": 10000,
  "CLS": 0,
  "TBT": 10328,
  "renderTime": 12387.508270029444,
  "jsBundleSizeKB": 10.6689453125,
  "hasJank": true,
  "imageLoadTime": 0
}