{
  "pageName": "propdrillingTest52",
  "LCP": 1938.4984,
  "FID": 502,
  "CLS": 0,
  "TBT": 539,
  "renderTime": 3355.2147240630056,
  "jsBundleSizeKB": 4.2880859375,
  "hasJank": true,
  "imageLoadTime": 0
}