{
  "pageName": "propdrillingTest70",
  "LCP": 2563.3016,
  "FID": 415,
  "CLS": 0.1912172523120406,
  "TBT": 525,
  "renderTime": 1535.0469940619041,
  "jsBundleSizeKB": 11.322265625,
  "hasJank": true,
  "imageLoadTime": 0
}