{
  "pageName": "propdrillingTest16",
  "LCP": 2571.528,
  "FID": 443,
  "CLS": 0,
  "TBT": 497,
  "renderTime": 1421.3908962035664,
  "jsBundleSizeKB": 12.14453125,
  "hasJank": true,
  "imageLoadTime": 0
}