{
  "pageName": "propdrillingTest296",
  "LCP": 10035.362500000001,
  "FID": 8076.999999999999,
  "CLS": 0,
  "TBT": 8525,
  "renderTime": 3656.9113679687975,
  "jsBundleSizeKB": 6.0498046875,
  "hasJank": true,
  "imageLoadTime": 0
}