{
  "pageName": "propdrillingTest126",
  "LCP": 12574.24855,
  "FID": 10000,
  "CLS": 0,
  "TBT": 10528,
  "renderTime": 6372.176207960252,
  "jsBundleSizeKB": 12.4951171875,
  "hasJank": true,
  "imageLoadTime": 0
}