{
  "pageName": "propdrillingTest190",
  "LCP": 2534.6030499999997,
  "FID": 417,
  "CLS": 0,
  "TBT": 798,
  "renderTime": 940.480000034647,
  "jsBundleSizeKB": 11.32421875,
  "hasJank": true,
  "imageLoadTime": 0
}