{
  "pageName": "propdrillingTest172",
  "LCP": 1977.4140000000002,
  "FID": 430,
  "CLS": 0,
  "TBT": 408,
  "renderTime": 2005.4124200115157,
  "jsBundleSizeKB": 7.5146484375,
  "hasJank": true,
  "imageLoadTime": 0
}