{
  "pageName": "propdrillingTest9",
  "LCP": 2210.5840000000003,
  "FID": 461,
  "CLS": 0,
  "TBT": 454.9999999999998,
  "renderTime": 948.634569951868,
  "jsBundleSizeKB": 11.0322265625,
  "hasJank": true,
  "imageLoadTime": 0
}