{
  "pageName": "propdrillingTest29",
  "LCP": 2358.7826499999996,
  "FID": 434,
  "CLS": 0,
  "TBT": 437,
  "renderTime": 1669.0349759672695,
  "jsBundleSizeKB": 9.794921875,
  "hasJank": true,
  "imageLoadTime": 0
}