{
  "pageName": "propdrillingTest105",
  "LCP": 2588.5376,
  "FID": 433,
  "CLS": 0,
  "TBT": 438,
  "renderTime": 1654.4231779842187,
  "jsBundleSizeKB": 12.4345703125,
  "hasJank": true,
  "imageLoadTime": 0
}