{
  "pageName": "propdrillingTest227",
  "LCP": 2492.7603999999997,
  "FID": 416,
  "CLS": 0,
  "TBT": 403,
  "renderTime": 1553.0561520073366,
  "jsBundleSizeKB": 10.962890625,
  "hasJank": true,
  "imageLoadTime": 0
}