{
  "pageName": "propdrillingTest225",
  "LCP": 2163.249,
  "FID": 414,
  "CLS": 0,
  "TBT": 379,
  "renderTime": 1464.3010319447517,
  "jsBundleSizeKB": 8.0341796875,
  "hasJank": false,
  "imageLoadTime": 0
}