{
  "pageName": "propdrillingTest9",
  "LCP": 11859.97415,
  "FID": 10000,
  "CLS": 0,
  "TBT": 10057,
  "renderTime": 5716.214780004505,
  "jsBundleSizeKB": 9.56640625,
  "hasJank": true,
  "imageLoadTime": 0
}