{
  "pageName": "propdrillingTest63",
  "LCP": 2588.7344000000003,
  "FID": 416,
  "CLS": 0,
  "TBT": 576,
  "renderTime": 936.8028400373173,
  "jsBundleSizeKB": 11.3193359375,
  "hasJank": true,
  "imageLoadTime": 0
}