{
  "pageName": "propdrillingTest94",
  "LCP": 2529.9839999999995,
  "FID": 427,
  "CLS": 0,
  "TBT": 485,
  "renderTime": 1619.0122979918956,
  "jsBundleSizeKB": 11.91015625,
  "hasJank": true,
  "imageLoadTime": 0
}