{
  "pageName": "propdrillingTest109",
  "LCP": 8015.5221,
  "FID": 6051,
  "CLS": 0,
  "TBT": 6390,
  "renderTime": 7889.811932024193,
  "jsBundleSizeKB": 6.861328125,
  "hasJank": true,
  "imageLoadTime": 0
}