{
  "pageName": "propdrillingTest14",
  "LCP": 2302.09055,
  "FID": 423,
  "CLS": 0,
  "TBT": 392,
  "renderTime": 897.7225079805469,
  "jsBundleSizeKB": 8.3251953125,
  "hasJank": false,
  "imageLoadTime": 0
}