{
  "pageName": "propdrillingTest273",
  "LCP": 1803.771,
  "FID": 415,
  "CLS": 0.2156636475308847,
  "TBT": 413,
  "renderTime": 1534.8201039542914,
  "jsBundleSizeKB": 6.337890625,
  "hasJank": true,
  "imageLoadTime": 0
}