{
  "pageName": "propdrillingTest15",
  "LCP": 2921.4980000000005,
  "FID": 430,
  "CLS": 0,
  "TBT": 468,
  "renderTime": 1733.4824159926034,
  "jsBundleSizeKB": 15.36328125,
  "hasJank": true,
  "imageLoadTime": 0
}