{
  "pageName": "propdrillingTest231",
  "LCP": 2633.9864000000002,
  "FID": 419,
  "CLS": 0,
  "TBT": 510,
  "renderTime": 932.4521559264135,
  "jsBundleSizeKB": 11.841796875,
  "hasJank": true,
  "imageLoadTime": 0
}