{
  "pageName": "propdrillingTest92",
  "LCP": 2214.3550999999998,
  "FID": 426,
  "CLS": 0,
  "TBT": 434.9999999999998,
  "renderTime": 900.7534759913349,
  "jsBundleSizeKB": 7.744140625,
  "hasJank": false,
  "imageLoadTime": 0
}