{
  "pageName": "propdrillingTest185",
  "LCP": 8347.0319,
  "FID": 6074,
  "CLS": 0,
  "TBT": 6434,
  "renderTime": 8902.15633996542,
  "jsBundleSizeKB": 10.4453125,
  "hasJank": true,
  "imageLoadTime": 0
}