{
  "pageName": "propdrillingTest272",
  "LCP": 2159.71785,
  "FID": 422,
  "CLS": 0,
  "TBT": 387,
  "renderTime": 874.6056880428981,
  "jsBundleSizeKB": 8.0361328125,
  "hasJank": false,
  "imageLoadTime": 0
}