{
  "pageName": "propdrillingTest1",
  "LCP": 5113.968350000001,
  "FID": 6008,
  "CLS": 0,
  "TBT": 6097,
  "renderTime": 3091.706787514422,
  "jsBundleSizeKB": 12.7275390625,
  "hasJank": true,
  "imageLoadTime": 0
}