{
  "pageName": "propdrillingTest12",
  "LCP": 2211.2882,
  "FID": 437,
  "CLS": 0,
  "TBT": 429,
  "renderTime": 929.0384160050202,
  "jsBundleSizeKB": 7.451171875,
  "hasJank": false,
  "imageLoadTime": 0
}