{
  "pageName": "propdrillingTest19",
  "LCP": 2516.768,
  "FID": 431,
  "CLS": 0,
  "TBT": 432,
  "renderTime": 1574.7604839864016,
  "jsBundleSizeKB": 11.3203125,
  "hasJank": true,
  "imageLoadTime": 0
}