{
  "pageName": "propdrillingTest56",
  "LCP": 2025.284,
  "FID": 413,
  "CLS": 0,
  "TBT": 398,
  "renderTime": 1405.2676999882506,
  "jsBundleSizeKB": 5.6923828125,
  "hasJank": false,
  "imageLoadTime": 0
}