{
  "pageName": "propdrillingTest20",
  "LCP": 10387.04665,
  "FID": 8094,
  "CLS": 0,
  "TBT": 8560,
  "renderTime": 3671.348127973203,
  "jsBundleSizeKB": 9.2734375,
  "hasJank": true,
  "imageLoadTime": 0
}