{
  "pageName": "propdrillingTest204",
  "LCP": 2044.1460000000002,
  "FID": 413,
  "CLS": 0,
  "TBT": 608,
  "renderTime": 1452.2960720030974,
  "jsBundleSizeKB": 6.3427734375,
  "hasJank": true,
  "imageLoadTime": 0
}