{
  "pageName": "propdrillingTest182",
  "LCP": 1802.3116,
  "FID": 414,
  "CLS": 0,
  "TBT": 433,
  "renderTime": 983.8079739871359,
  "jsBundleSizeKB": 7.21484375,
  "hasJank": true,
  "imageLoadTime": 0
}