{
  "pageName": "propdrillingTest255",
  "LCP": 2570.1019999999994,
  "FID": 434,
  "CLS": 0,
  "TBT": 510,
  "renderTime": 935.8195560196399,
  "jsBundleSizeKB": 11.61328125,
  "hasJank": true,
  "imageLoadTime": 0
}