{
  "pageName": "propdrillingTest184",
  "LCP": 1965.4879999999998,
  "FID": 419,
  "CLS": 0.09848973166114353,
  "TBT": 751.4999999999998,
  "renderTime": 2250.518571981468,
  "jsBundleSizeKB": 8.1015625,
  "hasJank": true,
  "imageLoadTime": 0
}