{
  "pageName": "propdrillingTest45",
  "LCP": 2009.7930000000001,
  "FID": 411,
  "CLS": 0,
  "TBT": 694.9999999999995,
  "renderTime": 935.2689220020293,
  "jsBundleSizeKB": 9.5654296875,
  "hasJank": true,
  "imageLoadTime": 0
}