{
  "pageName": "propdrillingTest123",
  "LCP": 2609.2148,
  "FID": 436,
  "CLS": 0,
  "TBT": 824,
  "renderTime": 1411.7381480412291,
  "jsBundleSizeKB": 12.2001953125,
  "hasJank": true,
  "imageLoadTime": 0
}