{
  "pageName": "propdrillingTest71",
  "LCP": 2273.0713499999997,
  "FID": 412,
  "CLS": 0,
  "TBT": 437,
  "renderTime": 905.7101999848794,
  "jsBundleSizeKB": 12.787109375,
  "hasJank": true,
  "imageLoadTime": 0
}