{
  "pageName": "propdrillingTest226",
  "LCP": 1962.14125,
  "FID": 417,
  "CLS": 0,
  "TBT": 469.9999999999998,
  "renderTime": 924.4264200156211,
  "jsBundleSizeKB": 9.26953125,
  "hasJank": true,
  "imageLoadTime": 0
}