{
  "pageName": "propdrillingTest23",
  "LCP": 2275.8724,
  "FID": 324,
  "CLS": 0,
  "TBT": 462,
  "renderTime": 838.8543759685708,
  "jsBundleSizeKB": 11.3212890625,
  "hasJank": true,
  "imageLoadTime": 0
}