{
  "pageName": "propdrillingTest108",
  "LCP": 10164.160750000001,
  "FID": 8035,
  "CLS": 0,
  "TBT": 8375,
  "renderTime": 5023.241856009626,
  "jsBundleSizeKB": 8.3955078125,
  "hasJank": true,
  "imageLoadTime": 0
}