{
  "pageName": "propdrillingTest10",
  "LCP": 2127.90965,
  "FID": 420,
  "CLS": 0,
  "TBT": 475,
  "renderTime": 911.0878520674514,
  "jsBundleSizeKB": 11.322265625,
  "hasJank": true,
  "imageLoadTime": 0
}