{
  "pageName": "propdrillingTest7",
  "LCP": 2097.1595,
  "FID": 150,
  "CLS": 0.23043683852021432,
  "TBT": 163,
  "renderTime": 1962.8206920073033,
  "jsBundleSizeKB": 9.8544921875,
  "hasJank": false,
  "imageLoadTime": 0
}