{
  "pageName": "propdrillingTest22",
  "LCP": 2749.853249999999,
  "FID": 434,
  "CLS": 0.08849401562135406,
  "TBT": 484,
  "renderTime": 2700.5757959834577,
  "jsBundleSizeKB": 13.0185546875,
  "hasJank": true,
  "imageLoadTime": 0
}