{
  "pageName": "propdrillingTest99",
  "LCP": 2660.086,
  "FID": 437,
  "CLS": 0,
  "TBT": 517,
  "renderTime": 936.8874519520282,
  "jsBundleSizeKB": 11.841796875,
  "hasJank": true,
  "imageLoadTime": 0
}