{
  "pageName": "propdrillingTest150",
  "LCP": 2191.0651000000003,
  "FID": 446,
  "CLS": 0,
  "TBT": 426,
  "renderTime": 1003.1743419500253,
  "jsBundleSizeKB": 11.3232421875,
  "hasJank": true,
  "imageLoadTime": 0
}