{
  "pageName": "propdrillingTest51",
  "LCP": 2545.5256499999996,
  "FID": 412,
  "CLS": 0,
  "TBT": 793.9999999999998,
  "renderTime": 1385.6462380556154,
  "jsBundleSizeKB": 12.494140625,
  "hasJank": true,
  "imageLoadTime": 0
}