{
  "pageName": "propdrillingTest2",
  "LCP": 2219.866,
  "FID": 294,
  "CLS": 0.13007868843821105,
  "TBT": 609,
  "renderTime": 1852.3415180345537,
  "jsBundleSizeKB": 5659.5888671875,
  "hasJank": true,
  "imageLoadTime": 0
}