{
  "pageName": "propdrillingTest160",
  "LCP": 1819.7379999999998,
  "FID": 419,
  "CLS": 0,
  "TBT": 540.9999999999998,
  "renderTime": 904.9575999761009,
  "jsBundleSizeKB": 5.1689453125,
  "hasJank": true,
  "imageLoadTime": 0
}