{
  "pageName": "propdrillingTest75",
  "LCP": 2739.9785000000006,
  "FID": 420,
  "CLS": 0,
  "TBT": 530,
  "renderTime": 950.3460039521217,
  "jsBundleSizeKB": 12.7861328125,
  "hasJank": true,
  "imageLoadTime": 0
}