{
  "pageName": "propdrillingTest27",
  "LCP": 2162.6490500000004,
  "FID": 415,
  "CLS": 0,
  "TBT": 444,
  "renderTime": 1570.7422119709208,
  "jsBundleSizeKB": 11.9072265625,
  "hasJank": true,
  "imageLoadTime": 0
}