{
  "pageName": "propdrillingTest290",
  "LCP": 12438.168000000001,
  "FID": 10000,
  "CLS": 0,
  "TBT": 10360,
  "renderTime": 6440.449370035314,
  "jsBundleSizeKB": 10.669921875,
  "hasJank": true,
  "imageLoadTime": 0
}