{
  "pageName": "propdrillingTest25",
  "LCP": 2120.1110499999995,
  "FID": 413,
  "CLS": 0,
  "TBT": 396,
  "renderTime": 890.9880120010948,
  "jsBundleSizeKB": 10.9677734375,
  "hasJank": true,
  "imageLoadTime": 0
}