{
  "pageName": "propdrillingTest28",
  "LCP": 1698.1877,
  "FID": 422,
  "CLS": 0.08910463798214137,
  "TBT": 389,
  "renderTime": 1879.526947962389,
  "jsBundleSizeKB": 4.875,
  "hasJank": false,
  "imageLoadTime": 0
}