{
  "pageName": "propdrillingTest67",
  "LCP": 2533.7128000000002,
  "FID": 413,
  "CLS": 0,
  "TBT": 810.0000000000002,
  "renderTime": 1379.1010219453858,
  "jsBundleSizeKB": 11.3193359375,
  "hasJank": true,
  "imageLoadTime": 0
}