{
  "pageName": "propdrillingTest39",
  "LCP": 2292.09105,
  "FID": 433,
  "CLS": 0,
  "TBT": 521,
  "renderTime": 929.4549019559,
  "jsBundleSizeKB": 13.080078125,
  "hasJank": true,
  "imageLoadTime": 0
}