{
  "pageName": "propdrillingTest122",
  "LCP": 12427.132800000001,
  "FID": 10000,
  "CLS": 0,
  "TBT": 10559,
  "renderTime": 6394.183183999552,
  "jsBundleSizeKB": 10.736328125,
  "hasJank": true,
  "imageLoadTime": 0
}