{
  "pageName": "propdrillingTest3",
  "LCP": 12516.00115,
  "FID": 10000,
  "CLS": 0,
  "TBT": 10377,
  "renderTime": 12450.231062028899,
  "jsBundleSizeKB": 12.4931640625,
  "hasJank": true,
  "imageLoadTime": 0
}