{
  "pageName": "propdrillingTest13",
  "LCP": 2003.5911500000002,
  "FID": 153,
  "CLS": 0.23567013016160984,
  "TBT": 248,
  "renderTime": 1441.4049959616946,
  "jsBundleSizeKB": 9.2724609375,
  "hasJank": false,
  "imageLoadTime": 0
}