{
  "pageName": "propdrillingTest205",
  "LCP": 11973.56975,
  "FID": 10000,
  "CLS": 0,
  "TBT": 10354,
  "renderTime": 5504.022037994733,
  "jsBundleSizeKB": 6.568359375,
  "hasJank": true,
  "imageLoadTime": 0
}