{
  "pageName": "propdrillingTest155",
  "LCP": 2648.2356,
  "FID": 418,
  "CLS": 0,
  "TBT": 508,
  "renderTime": 931.260592006235,
  "jsBundleSizeKB": 11.9052734375,
  "hasJank": true,
  "imageLoadTime": 0
}