{
  "pageName": "propdrillingTest223",
  "LCP": 2498.7564499999994,
  "FID": 418,
  "CLS": 0,
  "TBT": 768.9999999999998,
  "renderTime": 947.1587100300741,
  "jsBundleSizeKB": 11.9052734375,
  "hasJank": true,
  "imageLoadTime": 0
}