{
  "pageName": "propdrillingTest283",
  "LCP": 12482.753200000003,
  "FID": 10000.000000000002,
  "CLS": 0,
  "TBT": 10375.000000000002,
  "renderTime": 7804.672399997862,
  "jsBundleSizeKB": 12.201171875,
  "hasJank": true,
  "imageLoadTime": 0
}