{
  "pageName": "propdrillingTest13",
  "LCP": 8379.55955,
  "FID": 6058,
  "CLS": 0,
  "TBT": 6495,
  "renderTime": 7869.937996207398,
  "jsBundleSizeKB": 10.1513671875,
  "hasJank": true,
  "imageLoadTime": 0
}