{
  "pageName": "propdrillingTest11",
  "LCP": 12758.617999999999,
  "FID": 10000,
  "CLS": 0,
  "TBT": 10416,
  "renderTime": 12561.393011984239,
  "jsBundleSizeKB": 14.4814453125,
  "hasJank": true,
  "imageLoadTime": 0
}