{
  "pageName": "propdrillingTest35",
  "LCP": 2135.7828,
  "FID": 435,
  "CLS": 0,
  "TBT": 451,
  "renderTime": 906.8668259767484,
  "jsBundleSizeKB": 11.3203125,
  "hasJank": true,
  "imageLoadTime": 0
}