{
  "pageName": "propdrillingTest229",
  "LCP": 2411.4758,
  "FID": 418,
  "CLS": 0,
  "TBT": 533,
  "renderTime": 926.5083100090122,
  "jsBundleSizeKB": 10.4443359375,
  "hasJank": true,
  "imageLoadTime": 0
}