{
  "pageName": "propdrillingTest165",
  "LCP": 12266.12415,
  "FID": 10000,
  "CLS": 0,
  "TBT": 10344,
  "renderTime": 5845.155615982656,
  "jsBundleSizeKB": 9.8583984375,
  "hasJank": true,
  "imageLoadTime": 0
}