{
  "pageName": "propdrillingTest194",
  "LCP": 2316.3194000000003,
  "FID": 419,
  "CLS": 0,
  "TBT": 438,
  "renderTime": 1639.1778459839916,
  "jsBundleSizeKB": 12.49609375,
  "hasJank": true,
  "imageLoadTime": 0
}