{
  "pageName": "propdrillingTest115",
  "LCP": 2715.9586500000005,
  "FID": 423,
  "CLS": 0,
  "TBT": 462,
  "renderTime": 926.6485620282316,
  "jsBundleSizeKB": 13.0146484375,
  "hasJank": true,
  "imageLoadTime": 0
}