{
  "pageName": "propdrillingTest4",
  "LCP": 1999.1341,
  "FID": 428,
  "CLS": 0.03648964557199096,
  "TBT": 491,
  "renderTime": 2573.2079800152205,
  "jsBundleSizeKB": 6.634765625,
  "hasJank": true,
  "imageLoadTime": 0
}