{
  "pageName": "propdrillingTest7",
  "LCP": 12665.5902,
  "FID": 10000,
  "CLS": 0,
  "TBT": 10375,
  "renderTime": 7835.255873950118,
  "jsBundleSizeKB": 13.0166015625,
  "hasJank": true,
  "imageLoadTime": 0
}