{
  "pageName": "propdrillingTest249",
  "LCP": 1968.1830999999997,
  "FID": 414,
  "CLS": 0.004424460688942275,
  "TBT": 400,
  "renderTime": 907.2697839980507,
  "jsBundleSizeKB": 9.2724609375,
  "hasJank": true,
  "imageLoadTime": 0
}