{
  "pageName": "propdrillingTest24",
  "LCP": 10026.08675,
  "FID": 8066.999999999999,
  "CLS": 0,
  "TBT": 8483,
  "renderTime": 3617.4726599810742,
  "jsBundleSizeKB": 6.0478515625,
  "hasJank": true,
  "imageLoadTime": 0
}