{
  "pageName": "propdrillingTest17",
  "LCP": 2015.4497000000003,
  "FID": 177,
  "CLS": 0.1629673678106868,
  "TBT": 276,
  "renderTime": 2481.58095472526,
  "jsBundleSizeKB": 11.5546875,
  "hasJank": true,
  "imageLoadTime": 0
}