{
  "pageName": "propdrillingTest266",
  "LCP": 2512.9346,
  "FID": 423,
  "CLS": 0,
  "TBT": 434,
  "renderTime": 1574.7768959534837,
  "jsBundleSizeKB": 10.962890625,
  "hasJank": true,
  "imageLoadTime": 0
}