{
  "pageName": "propdrillingTest141",
  "LCP": 1968.9137999999998,
  "FID": 419,
  "CLS": 0,
  "TBT": 700,
  "renderTime": 1332.2372219986582,
  "jsBundleSizeKB": 9.5654296875,
  "hasJank": true,
  "imageLoadTime": 0
}