{
  "pageName": "propdrillingTest8",
  "LCP": 9993.9136,
  "FID": 8010,
  "CLS": 0.04137903928662566,
  "TBT": 8356,
  "renderTime": 3393.645095978251,
  "jsBundleSizeKB": 6.9287109375,
  "hasJank": true,
  "imageLoadTime": 0
}