{
  "pageName": "propdrillingTest26",
  "LCP": 2727.830200000001,
  "FID": 425,
  "CLS": 0.18048567182514036,
  "TBT": 482,
  "renderTime": 1703.4100859425018,
  "jsBundleSizeKB": 12.7890625,
  "hasJank": true,
  "imageLoadTime": 0
}