{
  "pageName": "propdrillingTest216",
  "LCP": 1843.8404999999998,
  "FID": 445,
  "CLS": 0.09666753993308985,
  "TBT": 438,
  "renderTime": 1929.442430013051,
  "jsBundleSizeKB": 6.27734375,
  "hasJank": true,
  "imageLoadTime": 0
}