{
  "pageName": "propdrillingTest232",
  "LCP": 2265.7352,
  "FID": 414,
  "CLS": 0,
  "TBT": 460,
  "renderTime": 3493.644844059401,
  "jsBundleSizeKB": 8.3935546875,
  "hasJank": true,
  "imageLoadTime": 0
}