{
  "pageName": "repeatedfetchingTest116",
  "LCP": 3610.921,
  "FID": 2017.227,
  "CLS": 0,
  "TBT": 1967.2269998779298,
  "renderTime": 3352,
  "jsBundleSizeKB": 6.341796875,
  "hasJank": true,
  "imageLoadTime": 0
}