{
  "pageName": "repeatedfetchingTest181",
  "LCP": 2617.339,
  "FID": 61.337,
  "CLS": 0,
  "TBT": 11.336999999999989,
  "renderTime": 2311,
  "jsBundleSizeKB": 10.150390625,
  "hasJank": false,
  "imageLoadTime": 0
}