{
  "pageName": "repeatedfetchingTest266",
  "LCP": 514.322,
  "FID": 84.264,
  "CLS": 0,
  "TBT": 34.26399999999967,
  "renderTime": 483,
  "jsBundleSizeKB": 11.3232421875,
  "hasJank": false,
  "imageLoadTime": 0
}