{
  "pageName": "repeatedfetchingTest140",
  "LCP": 2530.17,
  "FID": 2023.53,
  "CLS": 0.0561095297122749,
  "TBT": 1984.7249998779298,
  "renderTime": 2829,
  "jsBundleSizeKB": 8.98046875,
  "hasJank": true,
  "imageLoadTime": 0
}