{
  "pageName": "repeatedfetchingTest173",
  "LCP": 3552.747,
  "FID": 3028.128,
  "CLS": 0,
  "TBT": 2978.1279998779296,
  "renderTime": 3414,
  "jsBundleSizeKB": 10.4453125,
  "hasJank": true,
  "imageLoadTime": 0
}