{
  "pageName": "repeatedfetchingTest15",
  "LCP": 1540.7320000000002,
  "FID": 150,
  "CLS": 0.22967141049049505,
  "TBT": 177,
  "renderTime": 1466.9845300469972,
  "jsBundleSizeKB": 8.9736328125,
  "hasJank": false,
  "imageLoadTime": 0
}