{
  "pageName": "repeatedfetchingTest157",
  "LCP": 513.979,
  "FID": 23.438,
  "CLS": 0.23009067584385254,
  "TBT": 0,
  "renderTime": 944,
  "jsBundleSizeKB": 8.6845703125,
  "hasJank": false,
  "imageLoadTime": 0
}