{
  "pageName": "repeatedfetchingTest156",
  "LCP": 3621.886,
  "FID": 2016.622,
  "CLS": 0,
  "TBT": 1966.6219998779297,
  "renderTime": 2557,
  "jsBundleSizeKB": 7.515625,
  "hasJank": true,
  "imageLoadTime": 0
}