{
  "pageName": "repeatedfetchingTest206",
  "LCP": 2642.177,
  "FID": 64.62,
  "CLS": 0,
  "TBT": 14.61999999999989,
  "renderTime": 1115,
  "jsBundleSizeKB": 11.3212890625,
  "hasJank": false,
  "imageLoadTime": 0
}