{
  "pageName": "repeatedfetchingTest93",
  "LCP": 3564.771,
  "FID": 3023.464,
  "CLS": 0,
  "TBT": 2973.46399987793,
  "renderTime": 3428,
  "jsBundleSizeKB": 9.5009765625,
  "hasJank": true,
  "imageLoadTime": 0
}