{
  "pageName": "repeatedfetchingTest139",
  "LCP": 540.299,
  "FID": 41.653,
  "CLS": 0.23567013016160984,
  "TBT": 0,
  "renderTime": 1239,
  "jsBundleSizeKB": 13.9599609375,
  "hasJank": false,
  "imageLoadTime": 0
}