{
  "pageName": "repeatedfetchingTest32",
  "LCP": 3619.652,
  "FID": 2023.798,
  "CLS": 0,
  "TBT": 1973.797999938965,
  "renderTime": 3356,
  "jsBundleSizeKB": 9.5673828125,
  "hasJank": true,
  "imageLoadTime": 0
}