{
  "pageName": "repeatedfetchingTest26",
  "LCP": 1541.5946000000001,
  "FID": 337,
  "CLS": 0,
  "TBT": 434.8986500000001,
  "renderTime": 1354.8848840341996,
  "jsBundleSizeKB": 7.5087890625,
  "hasJank": true,
  "imageLoadTime": 0
}