{
  "pageName": "repeatedfetchingTest250",
  "LCP": 4616.368,
  "FID": 4025.248,
  "CLS": 0.04260112253890701,
  "TBT": 3976.203,
  "renderTime": 4745,
  "jsBundleSizeKB": 8.0966796875,
  "hasJank": true,
  "imageLoadTime": 0
}