{
  "pageName": "repeatedfetchingTest97",
  "LCP": 531.939,
  "FID": 71.906,
  "CLS": 0,
  "TBT": 21.90599999999995,
  "renderTime": 630,
  "jsBundleSizeKB": 10.1513671875,
  "hasJank": false,
  "imageLoadTime": 0
}