{
  "pageName": "repeatedfetchingTest273",
  "LCP": 527.76,
  "FID": 64.152,
  "CLS": 0.22992941993871505,
  "TBT": 14.152000000000044,
  "renderTime": 967,
  "jsBundleSizeKB": 8.0986328125,
  "hasJank": false,
  "imageLoadTime": 0
}