{
  "pageName": "repeatedfetchingTest96",
  "LCP": 508.107,
  "FID": 16,
  "CLS": 0.0850356139758386,
  "TBT": 0,
  "renderTime": 1170,
  "jsBundleSizeKB": 8.6240234375,
  "hasJank": false,
  "imageLoadTime": 0
}