{
  "pageName": "repeatedfetchingTest132",
  "LCP": 2622.797,
  "FID": 60.799,
  "CLS": 0,
  "TBT": 10.798999999999978,
  "renderTime": 2167,
  "jsBundleSizeKB": 8.9814453125,
  "hasJank": false,
  "imageLoadTime": 0
}