{
  "pageName": "repeatedfetchingTest216",
  "LCP": 2526.346,
  "FID": 2018.735,
  "CLS": 0.004298351404195638,
  "TBT": 1984.32,
  "renderTime": 2478,
  "jsBundleSizeKB": 6.6357421875,
  "hasJank": true,
  "imageLoadTime": 0
}