{
  "pageName": "repeatedfetchingTest213",
  "LCP": 508.242,
  "FID": 27.699,
  "CLS": 0.16020451663599772,
  "TBT": 0,
  "renderTime": 938,
  "jsBundleSizeKB": 9.564453125,
  "hasJank": false,
  "imageLoadTime": 0
}