{
  "pageName": "repeatedfetchingTest128",
  "LCP": 532.352,
  "FID": 58.73,
  "CLS": 0.07999905453871085,
  "TBT": 8.730000000000018,
  "renderTime": 1191,
  "jsBundleSizeKB": 4.875,
  "hasJank": false,
  "imageLoadTime": 0
}