{
  "pageName": "repeatedfetchingTest77",
  "LCP": 525.465,
  "FID": 78.781,
  "CLS": 0,
  "TBT": 28.78099999999995,
  "renderTime": 486,
  "jsBundleSizeKB": 11.326171875,
  "hasJank": false,
  "imageLoadTime": 0
}