{
  "pageName": "repeatedfetchingTest261",
  "LCP": 2608.881,
  "FID": 56.136,
  "CLS": 0,
  "TBT": 6.135999999999967,
  "renderTime": 2208,
  "jsBundleSizeKB": 8.3916015625,
  "hasJank": false,
  "imageLoadTime": 0
}