{
  "pageName": "repeatedfetchingTest72",
  "LCP": 509.068,
  "FID": 55.68,
  "CLS": 0.08845423916475346,
  "TBT": 8.25200000000018,
  "renderTime": 1175,
  "jsBundleSizeKB": 7.5146484375,
  "hasJank": false,
  "imageLoadTime": 0
}