{
  "pageName": "repeatedfetchingTest223",
  "LCP": 543.517,
  "FID": 76.965,
  "CLS": 0,
  "TBT": 26.96499987793004,
  "renderTime": 508,
  "jsBundleSizeKB": 11.0263671875,
  "hasJank": false,
  "imageLoadTime": 0
}