{
  "pageName": "repeatedfetchingTest281",
  "LCP": 507.378,
  "FID": 3006.018,
  "CLS": 0.16401015599724258,
  "TBT": 2956.018,
  "renderTime": 1557,
  "jsBundleSizeKB": 11.0322265625,
  "hasJank": true,
  "imageLoadTime": 0
}