{
  "pageName": "repeatedfetchingTest36",
  "LCP": 498.507,
  "FID": 16,
  "CLS": 0.0024249448006702853,
  "TBT": 0,
  "renderTime": 470,
  "jsBundleSizeKB": 6.0478515625,
  "hasJank": false,
  "imageLoadTime": 0
}