{
  "pageName": "repeatedfetchingTest21",
  "LCP": 1896.3020499999998,
  "FID": 165,
  "CLS": 0.23567013016160984,
  "TBT": 131,
  "renderTime": 1485.0325800149535,
  "jsBundleSizeKB": 9.56640625,
  "hasJank": false,
  "imageLoadTime": 0
}