{
  "pageName": "repeatedfetchingTest218",
  "LCP": 534.425,
  "FID": 32.598,
  "CLS": 0.08449648173299557,
  "TBT": 0,
  "renderTime": 960,
  "jsBundleSizeKB": 10.7353515625,
  "hasJank": false,
  "imageLoadTime": 0
}