{
  "pageName": "repeatedfetchingTest12",
  "LCP": 9841.1028,
  "FID": 8060,
  "CLS": 0,
  "TBT": 8162,
  "renderTime": 3624.856499998231,
  "jsBundleSizeKB": 5.98828125,
  "hasJank": true,
  "imageLoadTime": 0
}