{
  "pageName": "repeatedfetchingTest22",
  "LCP": 12150.0232,
  "FID": 10000,
  "CLS": 0,
  "TBT": 10050,
  "renderTime": 6190.187600003872,
  "jsBundleSizeKB": 11.0283203125,
  "hasJank": true,
  "imageLoadTime": 0
}