{
  "pageName": "repeatedfetchingTest295",
  "LCP": 5571.478,
  "FID": 5042.548,
  "CLS": 0.1675943372487653,
  "TBT": 4993.482999999999,
  "renderTime": 5816,
  "jsBundleSizeKB": 11.6123046875,
  "hasJank": true,
  "imageLoadTime": 0
}