{
  "pageName": "repeatedfetchingTest69",
  "LCP": 518.313,
  "FID": 29.365,
  "CLS": 0.35350519524241475,
  "TBT": 0,
  "renderTime": 917,
  "jsBundleSizeKB": 10.736328125,
  "hasJank": false,
  "imageLoadTime": 0
}