{
  "pageName": "staleclosuresTest8",
  "LCP": 1711.6051999999997,
  "FID": 146,
  "CLS": 0.1138197930428813,
  "TBT": 96,
  "renderTime": 1983.4532840065285,
  "jsBundleSizeKB": 6.6357421875,
  "hasJank": false,
  "imageLoadTime": 0
}