{
  "pageName": "staleclosuresTest161",
  "LCP": 521.044,
  "FID": 3006.865,
  "CLS": 0.1702711852740477,
  "TBT": 2967.586999999999,
  "renderTime": 2338,
  "jsBundleSizeKB": 12.498046875,
  "hasJank": true,
  "imageLoadTime": 0
}