{
  "pageName": "staleclosuresTest76",
  "LCP": 520.941,
  "FID": 19.213,
  "CLS": 0.006732116902876943,
  "TBT": 0,
  "renderTime": 740,
  "jsBundleSizeKB": 9.56640625,
  "hasJank": false,
  "imageLoadTime": 0
}