{
  "pageName": "staleclosuresTest254",
  "LCP": 532.277,
  "FID": 42.41,
  "CLS": 0.10688686416133664,
  "TBT": 0,
  "renderTime": 966,
  "jsBundleSizeKB": 11.6162109375,
  "hasJank": false,
  "imageLoadTime": 0
}