{
  "pageName": "staleclosuresTest238",
  "LCP": 528.029,
  "FID": 92.918,
  "CLS": 0,
  "TBT": 42.91800000000012,
  "renderTime": 491,
  "jsBundleSizeKB": 11.029296875,
  "hasJank": false,
  "imageLoadTime": 0
}