{
  "pageName": "staleclosuresTest19",
  "LCP": 2363.1800000000003,
  "FID": 349.0000000000002,
  "CLS": 0,
  "TBT": 622.0000000000005,
  "renderTime": 1308.2664839917422,
  "jsBundleSizeKB": 11.9072265625,
  "hasJank": true,
  "imageLoadTime": 0
}