{
  "pageName": "staleclosuresTest276",
  "LCP": 541.542,
  "FID": 2004.129,
  "CLS": 0.0033509738573789987,
  "TBT": 1973.1060000000004,
  "renderTime": 591,
  "jsBundleSizeKB": 10.15234375,
  "hasJank": true,
  "imageLoadTime": 0
}