{
  "pageName": "staleclosuresTest129",
  "LCP": 2609.315,
  "FID": 54.866,
  "CLS": 0,
  "TBT": 4.8659999389647055,
  "renderTime": 2272,
  "jsBundleSizeKB": 8.392578125,
  "hasJank": false,
  "imageLoadTime": 0
}