{
  "pageName": "staleclosuresTest136",
  "LCP": 513.683,
  "FID": 20.44,
  "CLS": 0.09692554938130984,
  "TBT": 0,
  "renderTime": 1280,
  "jsBundleSizeKB": 6.6357421875,
  "hasJank": false,
  "imageLoadTime": 0
}