{
  "pageName": "staleclosuresTest49",
  "LCP": 4102.879,
  "FID": 3022.693,
  "CLS": 0,
  "TBT": 2972.6929999999998,
  "renderTime": 3994,
  "jsBundleSizeKB": 9.564453125,
  "hasJank": true,
  "imageLoadTime": 0
}