{
  "pageName": "staleclosuresTest295",
  "LCP": 538.593,
  "FID": 92.463,
  "CLS": 0,
  "TBT": 42.46299999999974,
  "renderTime": 498,
  "jsBundleSizeKB": 12.4921875,
  "hasJank": true,
  "imageLoadTime": 0
}