{
  "pageName": "staleclosuresTest113",
  "LCP": 2593.248,
  "FID": 20.949,
  "CLS": 0.000004414828336208728,
  "TBT": 0,
  "renderTime": 2268,
  "jsBundleSizeKB": 8.3916015625,
  "hasJank": false,
  "imageLoadTime": 0
}