{
  "pageName": "staleclosuresTest88",
  "LCP": 504.192,
  "FID": 40.363,
  "CLS": 0.11214810682628927,
  "TBT": 0,
  "renderTime": 1201,
  "jsBundleSizeKB": 8.623046875,
  "hasJank": false,
  "imageLoadTime": 0
}