{
  "pageName": "staleclosuresTest201",
  "LCP": 527.048,
  "FID": 25.345,
  "CLS": 0.23567013016160984,
  "TBT": 0,
  "renderTime": 949,
  "jsBundleSizeKB": 9.2080078125,
  "hasJank": false,
  "imageLoadTime": 0
}