{
  "pageName": "staleclosuresTest290",
  "LCP": 4552.905,
  "FID": 4024.648,
  "CLS": 0,
  "TBT": 3974.647999938965,
  "renderTime": 4391,
  "jsBundleSizeKB": 10.443359375,
  "hasJank": true,
  "imageLoadTime": 0
}