{
  "pageName": "staleclosuresTest36",
  "LCP": 530.668,
  "FID": 58.615,
  "CLS": 0.09040543561691715,
  "TBT": 8.615000000000236,
  "renderTime": 1536,
  "jsBundleSizeKB": 6.927734375,
  "hasJank": false,
  "imageLoadTime": 0
}