{
  "pageName": "staleclosuresTest82",
  "LCP": 4546.563,
  "FID": 4025.957,
  "CLS": 0.08034145457728614,
  "TBT": 3975.9570000000003,
  "renderTime": 4765,
  "jsBundleSizeKB": 12.1376953125,
  "hasJank": true,
  "imageLoadTime": 0
}