{
  "pageName": "staleclosuresTest20",
  "LCP": 2098.5919000000004,
  "FID": 150,
  "CLS": 0,
  "TBT": 163,
  "renderTime": 807.9967279388236,
  "jsBundleSizeKB": 8.91796875,
  "hasJank": false,
  "imageLoadTime": 0
}