{
  "pageName": "staleclosuresTest157",
  "LCP": 516.334,
  "FID": 29.714,
  "CLS": 0.22992941993871505,
  "TBT": 0,
  "renderTime": 938,
  "jsBundleSizeKB": 7.5126953125,
  "hasJank": false,
  "imageLoadTime": 0
}