{
  "pageName": "staleclosuresTest11",
  "LCP": 1858.2426499999997,
  "FID": 154,
  "CLS": 0,
  "TBT": 232,
  "renderTime": 807.6865439707803,
  "jsBundleSizeKB": 12.2001953125,
  "hasJank": true,
  "imageLoadTime": 0
}