{
  "pageName": "staleclosuresTest234",
  "LCP": 517.372,
  "FID": 25.925,
  "CLS": 0.10536460841683869,
  "TBT": 0,
  "renderTime": 975,
  "jsBundleSizeKB": 11.322265625,
  "hasJank": false,
  "imageLoadTime": 0
}