{
  "pageName": "staleclosuresTest196",
  "LCP": 2603.236,
  "FID": 59.645,
  "CLS": 0,
  "TBT": 9.644999999999982,
  "renderTime": 2233,
  "jsBundleSizeKB": 9.2744140625,
  "hasJank": false,
  "imageLoadTime": 0
}