{
  "pageName": "staleclosuresTest240",
  "LCP": 508.448,
  "FID": 16,
  "CLS": 0.10536460841683869,
  "TBT": 0,
  "renderTime": 1189,
  "jsBundleSizeKB": 7.8076171875,
  "hasJank": false,
  "imageLoadTime": 0
}