{
  "pageName": "staleclosuresTest187",
  "LCP": 5550.371,
  "FID": 5030.262,
  "CLS": 0,
  "TBT": 4980.261999938964,
  "renderTime": 5411,
  "jsBundleSizeKB": 11.2548828125,
  "hasJank": true,
  "imageLoadTime": 0
}