{
  "pageName": "staleclosuresTest261",
  "LCP": 3559.218,
  "FID": 3037.152,
  "CLS": 0.1611398008857952,
  "TBT": 2998.5090000000005,
  "renderTime": 3819,
  "jsBundleSizeKB": 8.978515625,
  "hasJank": true,
  "imageLoadTime": 0
}