{
  "pageName": "staleclosuresTest87",
  "LCP": 5565.711,
  "FID": 5020.995,
  "CLS": 0.1623158939539313,
  "TBT": 4970.995,
  "renderTime": 5809,
  "jsBundleSizeKB": 9.2021484375,
  "hasJank": true,
  "imageLoadTime": 0
}