{
  "pageName": "staleclosuresTest42",
  "LCP": 4613.074,
  "FID": 4030.501,
  "CLS": 0,
  "TBT": 3985.4120000000003,
  "renderTime": 4466,
  "jsBundleSizeKB": 11.615234375,
  "hasJank": true,
  "imageLoadTime": 0
}