{
  "pageName": "staleclosuresTest289",
  "LCP": 546.406,
  "FID": 29.355,
  "CLS": 0.1600325103371844,
  "TBT": 0,
  "renderTime": 958,
  "jsBundleSizeKB": 7.51171875,
  "hasJank": false,
  "imageLoadTime": 0
}