{
  "pageName": "staleclosuresTest81",
  "LCP": 3548.592,
  "FID": 3015.152,
  "CLS": 0,
  "TBT": 2965.1519999389648,
  "renderTime": 3404,
  "jsBundleSizeKB": 7.8056640625,
  "hasJank": true,
  "imageLoadTime": 0
}