{
  "pageName": "staleclosuresTest3",
  "LCP": 12151.2372,
  "FID": 10000,
  "CLS": 0,
  "TBT": 10048,
  "renderTime": 12199.08642998508,
  "jsBundleSizeKB": 11.6142578125,
  "hasJank": true,
  "imageLoadTime": 0
}