{
  "pageName": "staleclosuresTest158",
  "LCP": 515.618,
  "FID": 96.808,
  "CLS": 0,
  "TBT": 46.80799999999999,
  "renderTime": 482,
  "jsBundleSizeKB": 14.548828125,
  "hasJank": false,
  "imageLoadTime": 0
}