{
  "pageName": "staleclosuresTest266",
  "LCP": 4566.563,
  "FID": 4035.044,
  "CLS": 0,
  "TBT": 3985.0440000000003,
  "renderTime": 4390,
  "jsBundleSizeKB": 14.2548828125,
  "hasJank": true,
  "imageLoadTime": 0
}