{
  "pageName": "staleclosuresTest160",
  "LCP": 2610.63,
  "FID": 62.951,
  "CLS": 0,
  "TBT": 12.951000000000022,
  "renderTime": 2072,
  "jsBundleSizeKB": 5.4609375,
  "hasJank": false,
  "imageLoadTime": 0
}