{
  "pageName": "staleclosuresTest46",
  "LCP": 555.811,
  "FID": 96.72,
  "CLS": 0,
  "TBT": 47.855000000000246,
  "renderTime": 515,
  "jsBundleSizeKB": 13.962890625,
  "hasJank": false,
  "imageLoadTime": 0
}