{
  "pageName": "staleclosuresTest269",
  "LCP": 531.254,
  "FID": 73.698,
  "CLS": 0.000004414828336208728,
  "TBT": 23.697999999999865,
  "renderTime": 496,
  "jsBundleSizeKB": 9.5654296875,
  "hasJank": false,
  "imageLoadTime": 0
}