{
  "pageName": "staleclosuresTest116",
  "LCP": 2649.417,
  "FID": 16,
  "CLS": 0.04157048229720489,
  "TBT": 0,
  "renderTime": 1527,
  "jsBundleSizeKB": 6.341796875,
  "hasJank": false,
  "imageLoadTime": 0
}