{
  "pageName": "staleclosuresTest154",
  "LCP": 524.254,
  "FID": 28.748,
  "CLS": 0.16097370730350358,
  "TBT": 0,
  "renderTime": 954,
  "jsBundleSizeKB": 8.6181640625,
  "hasJank": false,
  "imageLoadTime": 0
}