{
  "pageName": "staleclosuresTest109",
  "LCP": 535.79,
  "FID": 20.406,
  "CLS": 0.3446038692788251,
  "TBT": 0,
  "renderTime": 994,
  "jsBundleSizeKB": 12.498046875,
  "hasJank": false,
  "imageLoadTime": 0
}