{
  "pageName": "staleclosuresTest17",
  "LCP": 11849.497599999999,
  "FID": 10000.000000000002,
  "CLS": 0,
  "TBT": 10265.000000000002,
  "renderTime": 5355.363535999111,
  "jsBundleSizeKB": 8.099609375,
  "hasJank": true,
  "imageLoadTime": 0
}