{
  "pageName": "staleclosuresTest61",
  "LCP": 3586.823,
  "FID": 3020.29,
  "CLS": 0.16094414372089502,
  "TBT": 2970.29,
  "renderTime": 3831,
  "jsBundleSizeKB": 7.8056640625,
  "hasJank": true,
  "imageLoadTime": 0
}