{
  "pageName": "staleclosuresTest27",
  "LCP": 2151.8065,
  "FID": 157,
  "CLS": 0,
  "TBT": 169,
  "renderTime": 1318.6799820125104,
  "jsBundleSizeKB": 10.732421875,
  "hasJank": false,
  "imageLoadTime": 0
}