{
  "pageName": "staleclosuresTest26",
  "LCP": 2223.0211999999997,
  "FID": 156,
  "CLS": 0,
  "TBT": 135,
  "renderTime": 1104.9334248944385,
  "jsBundleSizeKB": 10.443359375,
  "hasJank": false,
  "imageLoadTime": 0
}