{
  "pageName": "staleclosuresTest298",
  "LCP": 4551.986,
  "FID": 4034.763,
  "CLS": 0,
  "TBT": 3984.7630000000004,
  "renderTime": 4380,
  "jsBundleSizeKB": 11.0283203125,
  "hasJank": true,
  "imageLoadTime": 0
}