{
  "pageName": "staleclosuresTest38",
  "LCP": 540.164,
  "FID": 37.541,
  "CLS": 0.1717052877904038,
  "TBT": 0,
  "renderTime": 961,
  "jsBundleSizeKB": 11.2587890625,
  "hasJank": false,
  "imageLoadTime": 0
}