{
  "pageName": "toomanyeffectsTest38",
  "LCP": 12589.239299999997,
  "FID": 10000,
  "CLS": 0,
  "TBT": 29820,
  "renderTime": 8249.721561976226,
  "jsBundleSizeKB": 12.419921875,
  "hasJank": true,
  "imageLoadTime": 0
}