{
  "pageName": "toomanyeffectsTest15",
  "LCP": 2328.1775999999995,
  "FID": 181,
  "CLS": 0,
  "TBT": 265.0000000000002,
  "renderTime": 2665.217401987677,
  "jsBundleSizeKB": 11.61328125,
  "hasJank": true,
  "imageLoadTime": 0
}