{
  "pageName": "toomanyeffectsTest56",
  "LCP": 6006.795300000001,
  "FID": 4040.0000000000005,
  "CLS": 0,
  "TBT": 4377,
  "renderTime": 7016.069032032705,
  "jsBundleSizeKB": 6.927734375,
  "hasJank": true,
  "imageLoadTime": 0
}