{
  "pageName": "toomanyeffectsTest188",
  "LCP": 2156.7338999999997,
  "FID": 448,
  "CLS": 0,
  "TBT": 411,
  "renderTime": 938.6952079842187,
  "jsBundleSizeKB": 7.1572265625,
  "hasJank": false,
  "imageLoadTime": 0
}