{
  "pageName": "toomanyeffectsTest20",
  "LCP": 2460.9968000000003,
  "FID": 428,
  "CLS": 0,
  "TBT": 470.9999999999998,
  "renderTime": 3523.5900239585303,
  "jsBundleSizeKB": 10.1484375,
  "hasJank": true,
  "imageLoadTime": 0
}