{
  "pageName": "toomanyeffectsTest28",
  "LCP": 1907.7812999999999,
  "FID": 424,
  "CLS": 0,
  "TBT": 992.4999999999998,
  "renderTime": 1477.4586540316295,
  "jsBundleSizeKB": 4.517578125,
  "hasJank": true,
  "imageLoadTime": 0
}