{
  "pageName": "toomanyeffectsTest237",
  "LCP": 12113.3401,
  "FID": 10000,
  "CLS": 0,
  "TBT": 16094.499999999998,
  "renderTime": 5384.669232076495,
  "jsBundleSizeKB": 9.2724609375,
  "hasJank": true,
  "imageLoadTime": 0
}