{
  "pageName": "toomanyeffectsTest130",
  "LCP": 2824.631500000001,
  "FID": 429,
  "CLS": 0,
  "TBT": 505.9999999999998,
  "renderTime": 1760.0630720071365,
  "jsBundleSizeKB": 14.19140625,
  "hasJank": true,
  "imageLoadTime": 0
}