{
  "pageName": "toomanyeffectsTest193",
  "LCP": 12121.02785,
  "FID": 10000,
  "CLS": 0,
  "TBT": 10346,
  "renderTime": 5090.548315957922,
  "jsBundleSizeKB": 9.208984375,
  "hasJank": true,
  "imageLoadTime": 0
}