{
  "pageName": "toomanyeffectsTest44",
  "LCP": 2594.2776000000003,
  "FID": 436,
  "CLS": 0,
  "TBT": 671.0000000000002,
  "renderTime": 3598.506708016996,
  "jsBundleSizeKB": 10.4423828125,
  "hasJank": true,
  "imageLoadTime": 0
}