{
  "pageName": "toomanyeffectsTest12",
  "LCP": 1978.5472000000002,
  "FID": 413,
  "CLS": 0.06443424756066758,
  "TBT": 449,
  "renderTime": 3098.6016919849726,
  "jsBundleSizeKB": 6.3359375,
  "hasJank": true,
  "imageLoadTime": 0
}