{
  "pageName": "toomanyeffectsTest195",
  "LCP": 12602.3825,
  "FID": 10000.000000000002,
  "CLS": 0,
  "TBT": 10348.000000000002,
  "renderTime": 7846.960500000165,
  "jsBundleSizeKB": 15.1201171875,
  "hasJank": true,
  "imageLoadTime": 0
}