{
  "pageName": "toomanyeffectsTest22",
  "LCP": 10511.5016,
  "FID": 8092.000000000001,
  "CLS": 0,
  "TBT": 29586.500000000004,
  "renderTime": 11810.766151977092,
  "jsBundleSizeKB": 13.005859375,
  "hasJank": true,
  "imageLoadTime": 0
}