{
  "pageName": "toomanyeffectsTest114",
  "LCP": 2541.724,
  "FID": 409,
  "CLS": 0.14420148061015278,
  "TBT": 457,
  "renderTime": 1549.2319620289327,
  "jsBundleSizeKB": 13.0078125,
  "hasJank": true,
  "imageLoadTime": 0
}