{
  "pageName": "toomanyeffectsTest121",
  "LCP": 2112.2098,
  "FID": 10000,
  "CLS": 0,
  "TBT": 14141.5,
  "renderTime": 1290.7823100220637,
  "jsBundleSizeKB": 10.4443359375,
  "hasJank": true,
  "imageLoadTime": 0
}