{
  "pageName": "toomanyeffectsTest23",
  "LCP": 12616.0725,
  "FID": 10000,
  "CLS": 0,
  "TBT": 33836.5,
  "renderTime": 13809.1939739614,
  "jsBundleSizeKB": 15.0537109375,
  "hasJank": true,
  "imageLoadTime": 0
}