{
  "pageName": "toomanyeffectsTest62",
  "LCP": 2362.316,
  "FID": 438,
  "CLS": 0.10732924286109717,
  "TBT": 890.3685,
  "renderTime": 2099.394978017664,
  "jsBundleSizeKB": 9.2060546875,
  "hasJank": true,
  "imageLoadTime": 0
}