{
  "pageName": "toomanyeffectsTest179",
  "LCP": 2643.4396000000006,
  "FID": 413,
  "CLS": 0,
  "TBT": 432,
  "renderTime": 1031.2043559844592,
  "jsBundleSizeKB": 13.0791015625,
  "hasJank": true,
  "imageLoadTime": 0
}