{
  "pageName": "toomanyeffectsTest270",
  "LCP": 2540.342,
  "FID": 571,
  "CLS": 0,
  "TBT": 641,
  "renderTime": 1273.0610639832973,
  "jsBundleSizeKB": 10.1494140625,
  "hasJank": true,
  "imageLoadTime": 0
}