{
  "pageName": "toomanyeffectsTest219",
  "LCP": 12426.946000000002,
  "FID": 10000,
  "CLS": 0,
  "TBT": 10341,
  "renderTime": 7659.374687985755,
  "jsBundleSizeKB": 12.708984375,
  "hasJank": true,
  "imageLoadTime": 0
}