{
  "pageName": "toomanyeffectsTest70",
  "LCP": 10760.4833,
  "FID": 8078,
  "CLS": 0,
  "TBT": 8521,
  "renderTime": 9405.55692295803,
  "jsBundleSizeKB": 13.0830078125,
  "hasJank": true,
  "imageLoadTime": 0
}