{
  "pageName": "toomanyeffectsTest273",
  "LCP": 12134.0574,
  "FID": 10000,
  "CLS": 0,
  "TBT": 24979,
  "renderTime": 6191.4777399897885,
  "jsBundleSizeKB": 9.2724609375,
  "hasJank": true,
  "imageLoadTime": 0
}