{
  "pageName": "toomanyeffectsTest252",
  "LCP": 2167.6533999999997,
  "FID": 437,
  "CLS": 0.000004414828336208728,
  "TBT": 432,
  "renderTime": 930.5557239592647,
  "jsBundleSizeKB": 7.1572265625,
  "hasJank": true,
  "imageLoadTime": 0
}