{
  "pageName": "toomanyeffectsTest76",
  "LCP": 2302.8945000000003,
  "FID": 424,
  "CLS": 0.0001048656109770521,
  "TBT": 1039.5000000000002,
  "renderTime": 1035.0442220634463,
  "jsBundleSizeKB": 9.2734375,
  "hasJank": true,
  "imageLoadTime": 0
}