{
  "pageName": "toomanyeffectsTest159",
  "LCP": 12732.052000000001,
  "FID": 10000,
  "CLS": 0,
  "TBT": 10355,
  "renderTime": 7689.394088035422,
  "jsBundleSizeKB": 15.056640625,
  "hasJank": true,
  "imageLoadTime": 0
}