{
  "pageName": "toomanyeffectsTest81",
  "LCP": 2265.9997000000003,
  "FID": 427,
  "CLS": 0,
  "TBT": 437,
  "renderTime": 3484.9679560187715,
  "jsBundleSizeKB": 8.08984375,
  "hasJank": true,
  "imageLoadTime": 0
}