{
  "pageName": "toomanyeffectsTest21",
  "LCP": 2259.7691999999997,
  "FID": 414,
  "CLS": 0,
  "TBT": 454,
  "renderTime": 3491.8738340049604,
  "jsBundleSizeKB": 9.2646484375,
  "hasJank": true,
  "imageLoadTime": 0
}