{
  "pageName": "toomanyeffectsTest187",
  "LCP": 12465.705600000001,
  "FID": 10000,
  "CLS": 0,
  "TBT": 10430,
  "renderTime": 7930.724208379689,
  "jsBundleSizeKB": 11.02734375,
  "hasJank": true,
  "imageLoadTime": 0
}