{
  "pageName": "toomanyeffectsTest17",
  "LCP": 12127.0595,
  "FID": 10000,
  "CLS": 0,
  "TBT": 25882,
  "renderTime": 6044.471091994452,
  "jsBundleSizeKB": 8.0986328125,
  "hasJank": true,
  "imageLoadTime": 0
}