{
  "pageName": "toomanyeffectsTest9",
  "LCP": 2575.6145000000006,
  "FID": 413,
  "CLS": 0,
  "TBT": 441,
  "renderTime": 4096.367420003071,
  "jsBundleSizeKB": 12.7919921875,
  "hasJank": true,
  "imageLoadTime": 0
}