{
  "pageName": "toomanyeffectsTest298",
  "LCP": 10511.322799999998,
  "FID": 8074.999999999999,
  "CLS": 0,
  "TBT": 31198.5,
  "renderTime": 10667.9218076765,
  "jsBundleSizeKB": 11.02734375,
  "hasJank": true,
  "imageLoadTime": 0
}