{
  "pageName": "toomanyeffectsTest97",
  "LCP": 2413.011750000001,
  "FID": 410,
  "CLS": 0,
  "TBT": 413,
  "renderTime": 3540.479294025588,
  "jsBundleSizeKB": 11.0234375,
  "hasJank": true,
  "imageLoadTime": 0
}