{
  "pageName": "toomanyeffectsTest178",
  "LCP": 12114.585450000002,
  "FID": 10000,
  "CLS": 0,
  "TBT": 15492.500000000002,
  "renderTime": 7217.557860024434,
  "jsBundleSizeKB": 8.095703125,
  "hasJank": true,
  "imageLoadTime": 0
}