{
  "pageName": "toomanyeffectsTest6",
  "LCP": 6442.1944,
  "FID": 8019,
  "CLS": 0,
  "TBT": 28215.5,
  "renderTime": 5752.819061456645,
  "jsBundleSizeKB": 14.5498046875,
  "hasJank": true,
  "imageLoadTime": 0
}