{
  "pageName": "toomanyeffectsTest47",
  "LCP": 2592.6543999999994,
  "FID": 410,
  "CLS": 0,
  "TBT": 5592.5,
  "renderTime": 1537.9866160185056,
  "jsBundleSizeKB": 11.841796875,
  "hasJank": true,
  "imageLoadTime": 0
}