{
  "pageName": "toomanyeffectsTest52",
  "LCP": 10179.163999999999,
  "FID": 8070,
  "CLS": 0,
  "TBT": 8403,
  "renderTime": 5048.535842001294,
  "jsBundleSizeKB": 6.923828125,
  "hasJank": true,
  "imageLoadTime": 0
}