{
  "pageName": "toomanyeffectsTest269",
  "LCP": 12126.496000000001,
  "FID": 10000.000000000002,
  "CLS": 0.03041816723647814,
  "TBT": 10466.000000000002,
  "renderTime": 3004.4292492270797,
  "jsBundleSizeKB": 8.3916015625,
  "hasJank": true,
  "imageLoadTime": 0
}