{
  "pageName": "toomanyeffectsTest27",
  "LCP": 12145.978399999996,
  "FID": 10000,
  "CLS": 0.18539053893973914,
  "TBT": 10130,
  "renderTime": 8161.719278003377,
  "jsBundleSizeKB": 12.1240234375,
  "hasJank": true,
  "imageLoadTime": 0
}