{
  "pageName": "toomanyeffectsTest49",
  "LCP": 2185.6576499999996,
  "FID": 415,
  "CLS": 0,
  "TBT": 426,
  "renderTime": 1564.156012014847,
  "jsBundleSizeKB": 10.3740234375,
  "hasJank": true,
  "imageLoadTime": 0
}