{
  "pageName": "toomanyeffectsTest15",
  "LCP": 2354.2216000000003,
  "FID": 436,
  "CLS": 0.3635159618333504,
  "TBT": 417,
  "renderTime": 2106.8196959391644,
  "jsBundleSizeKB": 13.6513671875,
  "hasJank": true,
  "imageLoadTime": 0
}