{
  "pageName": "toomanyeffectsTest281",
  "LCP": 1978.8657500000002,
  "FID": 10000,
  "CLS": 0,
  "TBT": 15432.5,
  "renderTime": 1187.0885180304153,
  "jsBundleSizeKB": 10.1435546875,
  "hasJank": true,
  "imageLoadTime": 0
}