{
  "pageName": "toomanyeffectsTest46",
  "LCP": 2580.1212,
  "FID": 415,
  "CLS": 0,
  "TBT": 548,
  "renderTime": 986.7050340463495,
  "jsBundleSizeKB": 10.7353515625,
  "hasJank": true,
  "imageLoadTime": 0
}