{
  "pageName": "toomanyeffectsTest231",
  "LCP": 2531.3420000000006,
  "FID": 432,
  "CLS": 0,
  "TBT": 1009.2532500000002,
  "renderTime": 1666.2864999773028,
  "jsBundleSizeKB": 11.6123046875,
  "hasJank": true,
  "imageLoadTime": 0
}