{
  "pageName": "toomanyeffectsTest277",
  "LCP": 2210.4608,
  "FID": 442,
  "CLS": 0,
  "TBT": 463.9999999999998,
  "renderTime": 961.267879957409,
  "jsBundleSizeKB": 9.7861328125,
  "hasJank": true,
  "imageLoadTime": 0
}