{
  "pageName": "toomanyeffectsTest19",
  "LCP": 2550.9468000000006,
  "FID": 414,
  "CLS": 0.22237189318460449,
  "TBT": 505,
  "renderTime": 1580.300217976775,
  "jsBundleSizeKB": 11.3193359375,
  "hasJank": true,
  "imageLoadTime": 0
}