{
  "pageName": "toomanyeffectsTest77",
  "LCP": 12130.576400000002,
  "FID": 10000,
  "CLS": 0,
  "TBT": 26794,
  "renderTime": 5297.259690051031,
  "jsBundleSizeKB": 9.2724609375,
  "hasJank": true,
  "imageLoadTime": 0
}