{
  "pageName": "toomanyeffectsTest30",
  "LCP": 2145.8907,
  "FID": 151,
  "CLS": 0,
  "TBT": 225,
  "renderTime": 859.8423760382319,
  "jsBundleSizeKB": 11.2470703125,
  "hasJank": false,
  "imageLoadTime": 0
}