{
  "pageName": "toomanyeffectsTest1",
  "LCP": 2480.2472000000002,
  "FID": 437,
  "CLS": 0.15130319067240805,
  "TBT": 409,
  "renderTime": 1609.3401940039253,
  "jsBundleSizeKB": 13.3701171875,
  "hasJank": true,
  "imageLoadTime": 0
}