{
  "pageName": "toomanyeffectsTest29",
  "LCP": 2224.07195,
  "FID": 419,
  "CLS": 0,
  "TBT": 8589.5,
  "renderTime": 2217.8554279530435,
  "jsBundleSizeKB": 11.0234375,
  "hasJank": true,
  "imageLoadTime": 0
}