{
  "pageName": "toomanyeffectsTest263",
  "LCP": 2408.0267999999996,
  "FID": 451,
  "CLS": 0.34337187416357456,
  "TBT": 474,
  "renderTime": 2258.641296006923,
  "jsBundleSizeKB": 15.0556640625,
  "hasJank": true,
  "imageLoadTime": 0
}