{
  "pageName": "toomanyeffectsTest120",
  "LCP": 2011.4558000000002,
  "FID": 409,
  "CLS": 0,
  "TBT": 407,
  "renderTime": 911.0331499666881,
  "jsBundleSizeKB": 7.7392578125,
  "hasJank": true,
  "imageLoadTime": 0
}