{
  "pageName": "toomanyeffectsTest26",
  "LCP": 2388.8988499999996,
  "FID": 411,
  "CLS": 0,
  "TBT": 454,
  "renderTime": 2880.2402099469623,
  "jsBundleSizeKB": 8.681640625,
  "hasJank": true,
  "imageLoadTime": 0
}