{
  "pageName": "toomanyeffectsTest74",
  "LCP": 2376.9375,
  "FID": 442,
  "CLS": 0,
  "TBT": 443,
  "renderTime": 1600.5414280099872,
  "jsBundleSizeKB": 8.6201171875,
  "hasJank": true,
  "imageLoadTime": 0
}