{
  "pageName": "toomanyeffectsTest11",
  "LCP": 2828.6345000000006,
  "FID": 488,
  "CLS": 0,
  "TBT": 15653.999999999998,
  "renderTime": 2070.9767000656225,
  "jsBundleSizeKB": 14.548828125,
  "hasJank": true,
  "imageLoadTime": 0
}