{
  "pageName": "toomanyeffectsTest91",
  "LCP": 12806.722000000002,
  "FID": 10000,
  "CLS": 0,
  "TBT": 32689,
  "renderTime": 14208.758085962665,
  "jsBundleSizeKB": 16.81640625,
  "hasJank": true,
  "imageLoadTime": 0
}