{
  "pageName": "toomanyeffectsTest28",
  "LCP": 1738.5382999999997,
  "FID": 148,
  "CLS": 0.09146112427588395,
  "TBT": 98,
  "renderTime": 1943.2890760199734,
  "jsBundleSizeKB": 7.22265625,
  "hasJank": false,
  "imageLoadTime": 0
}