{
  "pageName": "toomanyeffectsTest288",
  "LCP": 2207.3055,
  "FID": 474,
  "CLS": 0,
  "TBT": 444,
  "renderTime": 3517.8916819804663,
  "jsBundleSizeKB": 8.982421875,
  "hasJank": true,
  "imageLoadTime": 0
}