{
  "pageName": "toomanyeffectsTest266",
  "LCP": 2535.358,
  "FID": 436,
  "CLS": 0,
  "TBT": 467,
  "renderTime": 3357.4888420565367,
  "jsBundleSizeKB": 10.7373046875,
  "hasJank": true,
  "imageLoadTime": 0
}