{
  "pageName": "toomanyeffectsTest24",
  "LCP": 6565.5916,
  "FID": 4067,
  "CLS": 0.0006171901794236405,
  "TBT": 4433,
  "renderTime": 7337.292599976836,
  "jsBundleSizeKB": 11.9140625,
  "hasJank": true,
  "imageLoadTime": 0
}