{
  "pageName": "toomanyeffectsTest183",
  "LCP": 2747.90545,
  "FID": 413,
  "CLS": 0,
  "TBT": 460,
  "renderTime": 987.2664439997864,
  "jsBundleSizeKB": 13.0146484375,
  "hasJank": true,
  "imageLoadTime": 0
}