{
  "pageName": "toomanyeffectsTest2",
  "LCP": 2563.57835,
  "FID": 435,
  "CLS": 0,
  "TBT": 979,
  "renderTime": 1024.7740361042343,
  "jsBundleSizeKB": 14.244140625,
  "hasJank": true,
  "imageLoadTime": 0
}