{
  "pageName": "toomanyeffectsTest236",
  "LCP": 2224.9283,
  "FID": 414,
  "CLS": 0,
  "TBT": 437,
  "renderTime": 3478.4938519709194,
  "jsBundleSizeKB": 8.3955078125,
  "hasJank": true,
  "imageLoadTime": 0
}