{
  "pageName": "toomanyeffectsTest5",
  "LCP": 2429.6199999999994,
  "FID": 424,
  "CLS": 0.0320773399948315,
  "TBT": 538.0000000000002,
  "renderTime": 2133.973063987137,
  "jsBundleSizeKB": 10.4443359375,
  "hasJank": true,
  "imageLoadTime": 0
}