{
  "pageName": "toomanyeffectsTest174",
  "LCP": 2312.368,
  "FID": 415,
  "CLS": 0.14015879506835582,
  "TBT": 444,
  "renderTime": 2141.7463959514143,
  "jsBundleSizeKB": 9.8564453125,
  "hasJank": true,
  "imageLoadTime": 0
}