{
  "pageName": "toomanyeffectsTest141",
  "LCP": 2265.3832,
  "FID": 414,
  "CLS": 0,
  "TBT": 460,
  "renderTime": 3601.174669998798,
  "jsBundleSizeKB": 9.2724609375,
  "hasJank": true,
  "imageLoadTime": 0
}