{
  "pageName": "toomanyeffectsTest272",
  "LCP": 2166.6433,
  "FID": 435,
  "CLS": 0.000004414828336208728,
  "TBT": 396,
  "renderTime": 3508.995507975073,
  "jsBundleSizeKB": 7.8076171875,
  "hasJank": true,
  "imageLoadTime": 0
}