{
  "pageName": "toomanyeffectsTest150",
  "LCP": 2592.8752,
  "FID": 423,
  "CLS": 0.10380795141257809,
  "TBT": 3232.5000000000005,
  "renderTime": 1695.9960620024299,
  "jsBundleSizeKB": 13.0078125,
  "hasJank": true,
  "imageLoadTime": 0
}