{
  "pageName": "toomanyeffectsTest32",
  "LCP": 10370.3281,
  "FID": 8100,
  "CLS": 0.06269145824030362,
  "TBT": 8478,
  "renderTime": 4231.927842001863,
  "jsBundleSizeKB": 9.2744140625,
  "hasJank": true,
  "imageLoadTime": 0
}