{
  "pageName": "toomanyeffectsTest18",
  "LCP": 2677.7879250000005,
  "FID": 428,
  "CLS": 0,
  "TBT": 419,
  "renderTime": 2558.764987548917,
  "jsBundleSizeKB": 13.375,
  "hasJank": true,
  "imageLoadTime": 0
}