{
  "pageName": "toomanyeffectsTest10",
  "LCP": 2573.9410999999996,
  "FID": 445,
  "CLS": 0,
  "TBT": 492.0000000000002,
  "renderTime": 2659.7713640145394,
  "jsBundleSizeKB": 12.4853515625,
  "hasJank": true,
  "imageLoadTime": 0
}