{
  "pageName": "toomanyeffectsTest16",
  "LCP": 1550.1057500000002,
  "FID": 8020,
  "CLS": 0.0713987395980445,
  "TBT": 8053,
  "renderTime": 2582.145847986421,
  "jsBundleSizeKB": 6.9287109375,
  "hasJank": true,
  "imageLoadTime": 0
}