{
  "pageName": "toomanyeffectsTest27",
  "LCP": 2587.4032,
  "FID": 417,
  "CLS": 0,
  "TBT": 563,
  "renderTime": 1709.066923966608,
  "jsBundleSizeKB": 12.1357421875,
  "hasJank": true,
  "imageLoadTime": 0
}