{
  "pageName": "toomanyeffectsTest23",
  "LCP": 2289.1616,
  "FID": 265,
  "CLS": 0,
  "TBT": 1780.9999999999998,
  "renderTime": 980.3822380065492,
  "jsBundleSizeKB": 14.1767578125,
  "hasJank": true,
  "imageLoadTime": 0
}