{
  "pageName": "toomanyeffectsTest287",
  "LCP": 2759.1817499999997,
  "FID": 421,
  "CLS": 0,
  "TBT": 535,
  "renderTime": 2711.0285360343933,
  "jsBundleSizeKB": 12.787109375,
  "hasJank": true,
  "imageLoadTime": 0
}