{
  "pageName": "toomanyeffectsTest111",
  "LCP": 2557.2992,
  "FID": 440,
  "CLS": 0,
  "TBT": 16880,
  "renderTime": 3421.7515700472986,
  "jsBundleSizeKB": 12.2001953125,
  "hasJank": true,
  "imageLoadTime": 0
}