{
  "pageName": "toomanyeffectsTest3",
  "LCP": 2099.6008,
  "FID": 254,
  "CLS": 0,
  "TBT": 1013,
  "renderTime": 915.8018339494848,
  "jsBundleSizeKB": 10.3759765625,
  "hasJank": true,
  "imageLoadTime": 0
}