{
  "pageName": "toomanyeffectsTest25",
  "LCP": 2432.06575,
  "FID": 412,
  "CLS": 0,
  "TBT": 495.9999999999998,
  "renderTime": 988.6142679704666,
  "jsBundleSizeKB": 10.673828125,
  "hasJank": true,
  "imageLoadTime": 0
}