{
  "pageName": "toomanyeffectsTest127",
  "LCP": 2640.1919500000004,
  "FID": 430,
  "CLS": 0.3635159618333504,
  "TBT": 566.9999999999998,
  "renderTime": 1543.3890639892054,
  "jsBundleSizeKB": 12.49609375,
  "hasJank": true,
  "imageLoadTime": 0
}