{
  "pageName": "toomanyeffectsTest16",
  "LCP": 2058.49725,
  "FID": 434,
  "CLS": 0,
  "TBT": 512,
  "renderTime": 3632.722366021543,
  "jsBundleSizeKB": 5.7548828125,
  "hasJank": true,
  "imageLoadTime": 0
}