{
  "pageName": "toomanyeffectsTest8",
  "LCP": 2256.0139999999997,
  "FID": 456,
  "CLS": 0,
  "TBT": 469,
  "renderTime": 3597.173645969605,
  "jsBundleSizeKB": 8.1005859375,
  "hasJank": true,
  "imageLoadTime": 0
}