{
  "pageName": "toomanyeffectsTest82",
  "LCP": 10689.193500000001,
  "FID": 8093.000000000002,
  "CLS": 0,
  "TBT": 8561.000000000002,
  "renderTime": 10285.601588054114,
  "jsBundleSizeKB": 13.66015625,
  "hasJank": true,
  "imageLoadTime": 0
}