{
  "pageName": "toomanyeffectsTest170",
  "LCP": 10825.300500000001,
  "FID": 8081,
  "CLS": 0.0578398055744002,
  "TBT": 8508,
  "renderTime": 10799.465275970375,
  "jsBundleSizeKB": 13.8984375,
  "hasJank": true,
  "imageLoadTime": 0
}