{
  "pageName": "toomanyeffectsTest78",
  "LCP": 2560.7644,
  "FID": 417,
  "CLS": 0.09835750181893077,
  "TBT": 531,
  "renderTime": 1569.9481380136917,
  "jsBundleSizeKB": 11.0283203125,
  "hasJank": true,
  "imageLoadTime": 0
}