{
  "pageName": "toomanyeffectsTest14",
  "LCP": 2466.7400000000002,
  "FID": 417,
  "CLS": 0.10565916920355653,
  "TBT": 396,
  "renderTime": 1564.9162619805338,
  "jsBundleSizeKB": 13.072265625,
  "hasJank": true,
  "imageLoadTime": 0
}