{
  "pageName": "toomanyeffectsTest7",
  "LCP": 2824.2055,
  "FID": 415,
  "CLS": 0,
  "TBT": 485,
  "renderTime": 1777.2888700335122,
  "jsBundleSizeKB": 17.4677734375,
  "hasJank": true,
  "imageLoadTime": 0
}