{
  "pageName": "toomanyeffectsTest4",
  "LCP": 2309.8932999999997,
  "FID": 435,
  "CLS": 0,
  "TBT": 483.0000000000002,
  "renderTime": 3577.1392399907204,
  "jsBundleSizeKB": 8.98046875,
  "hasJank": true,
  "imageLoadTime": 0
}