{
  "pageName": "toomanyeffectsTest216",
  "LCP": 6022.546700000001,
  "FID": 4065,
  "CLS": 0,
  "TBT": 5027,
  "renderTime": 5845.477826002416,
  "jsBundleSizeKB": 6.927734375,
  "hasJank": true,
  "imageLoadTime": 0
}