{
  "pageName": "toomanyeffectsTest271",
  "LCP": 2376.4023,
  "FID": 432,
  "CLS": 0,
  "TBT": 437,
  "renderTime": 1015.9754779736377,
  "jsBundleSizeKB": 9.494140625,
  "hasJank": true,
  "imageLoadTime": 0
}