{
  "pageName": "toomanyeffectsTest145",
  "LCP": 2239.4619,
  "FID": 484,
  "CLS": 0,
  "TBT": 1169.4999999999998,
  "renderTime": 1010.1266219558335,
  "jsBundleSizeKB": 8.6845703125,
  "hasJank": true,
  "imageLoadTime": 0
}