{
  "pageName": "toomanyeffectsTest87",
  "LCP": 2809.9889999999996,
  "FID": 416,
  "CLS": 0,
  "TBT": 444,
  "renderTime": 1738.670473944645,
  "jsBundleSizeKB": 14.482421875,
  "hasJank": true,
  "imageLoadTime": 0
}