{
  "pageName": "toomanyeffectsTest158",
  "LCP": 2521.21615,
  "FID": 433,
  "CLS": 0,
  "TBT": 2426.0000000000005,
  "renderTime": 1666.0964099638509,
  "jsBundleSizeKB": 11.322265625,
  "hasJank": true,
  "imageLoadTime": 0
}