{
  "pageName": "toomanyeffectsTest71",
  "LCP": 2755.5994999999994,
  "FID": 433,
  "CLS": 0.1446508470658026,
  "TBT": 511.9999999999998,
  "renderTime": 2340.812209953036,
  "jsBundleSizeKB": 14.2529296875,
  "hasJank": true,
  "imageLoadTime": 0
}