{
  "pageName": "toomanyeffectsTest30",
  "LCP": 2807.4519999999993,
  "FID": 432,
  "CLS": 0,
  "TBT": 526,
  "renderTime": 2423.0808586484136,
  "jsBundleSizeKB": 14.2548828125,
  "hasJank": true,
  "imageLoadTime": 0
}