{
  "pageName": "toomanyeffectsTest282",
  "LCP": 2515.035,
  "FID": 410,
  "CLS": 0,
  "TBT": 507,
  "renderTime": 2530.9955819662805,
  "jsBundleSizeKB": 11.91015625,
  "hasJank": true,
  "imageLoadTime": 0
}