{
  "pageName": "toomanyeffectsTest26",
  "LCP": 2216.0224,
  "FID": 147,
  "CLS": 0,
  "TBT": 150,
  "renderTime": 836.9020320434522,
  "jsBundleSizeKB": 10.0849609375,
  "hasJank": false,
  "imageLoadTime": 0
}