{
  "pageName": "toomanyeffectsTest262",
  "LCP": 2296.8761999999997,
  "FID": 10000,
  "CLS": 0,
  "TBT": 10388,
  "renderTime": 1041.011807974472,
  "jsBundleSizeKB": 12.201171875,
  "hasJank": true,
  "imageLoadTime": 0
}