{
  "pageName": "unstablepropsTest19",
  "LCP": 12004.0353,
  "FID": 10000,
  "CLS": 0.1702711852740477,
  "TBT": 10747,
  "renderTime": 8665.603182029434,
  "jsBundleSizeKB": 9.2021484375,
  "hasJank": true,
  "imageLoadTime": 0
}