{
  "pageName": "unstablepropsTest5",
  "LCP": 2281.9180000000006,
  "FID": 275,
  "CLS": 0.23567013016160984,
  "TBT": 382,
  "renderTime": 2154.4138714987757,
  "jsBundleSizeKB": 12.728515625,
  "hasJank": true,
  "imageLoadTime": 0
}