{
  "pageName": "unstablepropsTest126",
  "LCP": 2148.5239,
  "FID": 418,
  "CLS": 0,
  "TBT": 378,
  "renderTime": 1529.9501519992923,
  "jsBundleSizeKB": 11.2587890625,
  "hasJank": true,
  "imageLoadTime": 0
}