{
  "pageName": "unstablepropsTest29",
  "LCP": 1956.5860000000002,
  "FID": 164,
  "CLS": 0,
  "TBT": 159,
  "renderTime": 862.7809040152073,
  "jsBundleSizeKB": 7.7431640625,
  "hasJank": false,
  "imageLoadTime": 0
}