{
  "pageName": "unstablepropsTest19",
  "LCP": 12478.9792,
  "FID": 10000,
  "CLS": 0,
  "TBT": 10338,
  "renderTime": 7817.380672062478,
  "jsBundleSizeKB": 12.1357421875,
  "hasJank": true,
  "imageLoadTime": 0
}