{
  "pageName": "unstablepropsTest15",
  "LCP": 2544.7783000000004,
  "FID": 415,
  "CLS": 0,
  "TBT": 517,
  "renderTime": 913.2172900512028,
  "jsBundleSizeKB": 12.4931640625,
  "hasJank": true,
  "imageLoadTime": 0
}