{
  "pageName": "unstablepropsTest18",
  "LCP": 1865.2653999999998,
  "FID": 9999.999999999998,
  "CLS": 0.08132457807894107,
  "TBT": 10089.999999999998,
  "renderTime": 2718.3347640104344,
  "jsBundleSizeKB": 11.9091796875,
  "hasJank": true,
  "imageLoadTime": 0
}