{
  "pageName": "unstablepropsTest4",
  "LCP": 10193.825200000001,
  "FID": 8074,
  "CLS": 0.034268298893682714,
  "TBT": 8409,
  "renderTime": 4352.974049996428,
  "jsBundleSizeKB": 8.1015625,
  "hasJank": true,
  "imageLoadTime": 0
}