{
  "pageName": "unstablepropsTest275",
  "LCP": 2565.7668000000003,
  "FID": 421,
  "CLS": 0.23160648135214498,
  "TBT": 491,
  "renderTime": 1529.9172440255547,
  "jsBundleSizeKB": 11.025390625,
  "hasJank": true,
  "imageLoadTime": 0
}