{
  "pageName": "unstablepropsTest194",
  "LCP": 2578.86225,
  "FID": 423,
  "CLS": 0,
  "TBT": 482,
  "renderTime": 939.0863040245532,
  "jsBundleSizeKB": 11.2568359375,
  "hasJank": true,
  "imageLoadTime": 0
}