{
  "pageName": "unstablepropsTest21",
  "LCP": 2233.182,
  "FID": 423,
  "CLS": 0.23043683852021432,
  "TBT": 442.9999999999998,
  "renderTime": 1558.6866359392643,
  "jsBundleSizeKB": 9.2724609375,
  "hasJank": true,
  "imageLoadTime": 0
}