{
  "pageName": "unstablepropsTest34",
  "LCP": 2372.6727,
  "FID": 432,
  "CLS": 0,
  "TBT": 768,
  "renderTime": 1547.1867560375977,
  "jsBundleSizeKB": 8.9755859375,
  "hasJank": true,
  "imageLoadTime": 0
}