{
  "pageName": "unstablepropsTest147",
  "LCP": 2637.2259999999997,
  "FID": 437,
  "CLS": 0,
  "TBT": 1091.9597499999998,
  "renderTime": 965.235156145327,
  "jsBundleSizeKB": 11.90625,
  "hasJank": true,
  "imageLoadTime": 0
}