{
  "pageName": "unstablepropsTest119",
  "LCP": 2372.4847999999997,
  "FID": 423,
  "CLS": 0,
  "TBT": 920,
  "renderTime": 950.4668959563876,
  "jsBundleSizeKB": 10.439453125,
  "hasJank": true,
  "imageLoadTime": 0
}