{
  "pageName": "unstablepropsTest4",
  "LCP": 1971.7110000000002,
  "FID": 146,
  "CLS": 0,
  "TBT": 178,
  "renderTime": 799.9780479668616,
  "jsBundleSizeKB": 7.1572265625,
  "hasJank": false,
  "imageLoadTime": 0
}