{
  "pageName": "unstablepropsTest199",
  "LCP": 2178.9966,
  "FID": 429,
  "CLS": 0,
  "TBT": 468,
  "renderTime": 1592.014278023138,
  "jsBundleSizeKB": 12.4931640625,
  "hasJank": true,
  "imageLoadTime": 0
}