{
  "pageName": "unstablepropsTest114",
  "LCP": 2514.40075,
  "FID": 420,
  "CLS": 0,
  "TBT": 775,
  "renderTime": 1578.0573919929507,
  "jsBundleSizeKB": 11.6142578125,
  "hasJank": true,
  "imageLoadTime": 0
}