{
  "pageName": "unstablepropsTest267",
  "LCP": 2570.4048000000003,
  "FID": 446,
  "CLS": 0,
  "TBT": 1007,
  "renderTime": 960.3413940272235,
  "jsBundleSizeKB": 11.3193359375,
  "hasJank": true,
  "imageLoadTime": 0
}