{
  "pageName": "unstablepropsTest8",
  "LCP": 2144.8152999999998,
  "FID": 418,
  "CLS": 0,
  "TBT": 379,
  "renderTime": 883.8776759363603,
  "jsBundleSizeKB": 7.4501953125,
  "hasJank": false,
  "imageLoadTime": 0
}