{
  "pageName": "unstablepropsTest11",
  "LCP": 2548.9230999999995,
  "FID": 418,
  "CLS": 0.16122042883836393,
  "TBT": 1141.02565,
  "renderTime": 2125.2639160458752,
  "jsBundleSizeKB": 12.4921875,
  "hasJank": true,
  "imageLoadTime": 0
}