{
  "pageName": "unstablepropsTest84",
  "LCP": 2049.0091,
  "FID": 421,
  "CLS": 0,
  "TBT": 441,
  "renderTime": 912.8826699398184,
  "jsBundleSizeKB": 6.8642578125,
  "hasJank": false,
  "imageLoadTime": 0
}