{
  "pageName": "unstablepropsTest99",
  "LCP": 2496.4370499999995,
  "FID": 413,
  "CLS": 0,
  "TBT": 442.0000000000002,
  "renderTime": 1570.4081699643182,
  "jsBundleSizeKB": 12.2001953125,
  "hasJank": true,
  "imageLoadTime": 0
}