{
  "pageName": "unstablepropsTest61",
  "LCP": 2572.9151999999995,
  "FID": 439,
  "CLS": 0.000004414828336208728,
  "TBT": 435,
  "renderTime": 1661.0839840633648,
  "jsBundleSizeKB": 12.1416015625,
  "hasJank": true,
  "imageLoadTime": 0
}