{
  "pageName": "unstablepropsTest50",
  "LCP": 2560.4811999999997,
  "FID": 417,
  "CLS": 0.15736963782368057,
  "TBT": 514,
  "renderTime": 1574.5848200438595,
  "jsBundleSizeKB": 10.4423828125,
  "hasJank": true,
  "imageLoadTime": 0
}