{
  "pageName": "unstablepropsTest23",
  "LCP": 2348.9339,
  "FID": 419,
  "CLS": 0,
  "TBT": 416,
  "renderTime": 1504.947060014987,
  "jsBundleSizeKB": 9.49609375,
  "hasJank": true,
  "imageLoadTime": 0
}