{
  "pageName": "unstablepropsTest175",
  "LCP": 2544.7162000000003,
  "FID": 432,
  "CLS": 0,
  "TBT": 918.9999999999995,
  "renderTime": 951.8281200287055,
  "jsBundleSizeKB": 12.494140625,
  "hasJank": true,
  "imageLoadTime": 0
}