{
  "pageName": "unstablepropsTest29",
  "LCP": 2378.7313,
  "FID": 418,
  "CLS": 0,
  "TBT": 445,
  "renderTime": 1364.2054399951267,
  "jsBundleSizeKB": 9.5009765625,
  "hasJank": true,
  "imageLoadTime": 0
}