{
  "pageName": "unstablepropsTest17",
  "LCP": 2202.1594,
  "FID": 166,
  "CLS": 0,
  "TBT": 224,
  "renderTime": 1558.1978100707627,
  "jsBundleSizeKB": 12.7919921875,
  "hasJank": true,
  "imageLoadTime": 0
}