{
  "pageName": "unstablepropsTest3",
  "LCP": 12479.172000000002,
  "FID": 10000,
  "CLS": 0,
  "TBT": 10400,
  "renderTime": 7846.132408001041,
  "jsBundleSizeKB": 12.2001953125,
  "hasJank": true,
  "imageLoadTime": 0
}