{
  "pageName": "unstablepropsTest111",
  "LCP": 12774.9225,
  "FID": 10000,
  "CLS": 0,
  "TBT": 10395,
  "renderTime": 12514.420498043966,
  "jsBundleSizeKB": 14.8388671875,
  "hasJank": true,
  "imageLoadTime": 0
}