{
  "pageName": "unstablepropsTest2",
  "LCP": 2372.4264000000003,
  "FID": 432,
  "CLS": 0,
  "TBT": 435,
  "renderTime": 1520.3391120590402,
  "jsBundleSizeKB": 9.205078125,
  "hasJank": true,
  "imageLoadTime": 0
}