{
  "pageName": "unstablepropsTest22",
  "LCP": 1986.46,
  "FID": 435,
  "CLS": 0.10942503210820079,
  "TBT": 498,
  "renderTime": 1575.6832699760675,
  "jsBundleSizeKB": 9.26953125,
  "hasJank": true,
  "imageLoadTime": 0
}