{
  "pageName": "unstablepropsTest157",
  "LCP": 2276.65215,
  "FID": 419,
  "CLS": 0,
  "TBT": 433,
  "renderTime": 901.9527080507087,
  "jsBundleSizeKB": 11.91015625,
  "hasJank": true,
  "imageLoadTime": 0
}