{
  "pageName": "unstablepropsTest159",
  "LCP": 2519.9882500000003,
  "FID": 418,
  "CLS": 0,
  "TBT": 425,
  "renderTime": 1583.854291976595,
  "jsBundleSizeKB": 11.84375,
  "hasJank": true,
  "imageLoadTime": 0
}