{
  "pageName": "unstablepropsTest240",
  "LCP": 10097.510750000001,
  "FID": 8084.000000000001,
  "CLS": 0,
  "TBT": 8481,
  "renderTime": 3731.546587990627,
  "jsBundleSizeKB": 5.6923828125,
  "hasJank": true,
  "imageLoadTime": 0
}