{
  "pageName": "unstablepropsTest25",
  "LCP": 8348.6584,
  "FID": 6080.999999999999,
  "CLS": 0,
  "TBT": 6909.378,
  "renderTime": 8209.673876007757,
  "jsBundleSizeKB": 10.443359375,
  "hasJank": true,
  "imageLoadTime": 0
}