{
  "pageName": "unstablepropsTest143",
  "LCP": 2645.6012000000005,
  "FID": 420,
  "CLS": 0,
  "TBT": 506,
  "renderTime": 932.7090280085182,
  "jsBundleSizeKB": 11.548828125,
  "hasJank": true,
  "imageLoadTime": 0
}