{
  "pageName": "unstablepropsTest6",
  "LCP": 10344.543999999998,
  "FID": 8051,
  "CLS": 0,
  "TBT": 8453,
  "renderTime": 9031.940625611402,
  "jsBundleSizeKB": 9.8544921875,
  "hasJank": true,
  "imageLoadTime": 0
}