{
  "pageName": "unstablepropsTest15",
  "LCP": 12149.414399999998,
  "FID": 10000.000000000002,
  "CLS": 0,
  "TBT": 10132.000000000002,
  "renderTime": 7689.796840002269,
  "jsBundleSizeKB": 11.615234375,
  "hasJank": true,
  "imageLoadTime": 0
}