{
  "pageName": "unstablepropsTest173",
  "LCP": 2186.0690000000004,
  "FID": 415,
  "CLS": 0,
  "TBT": 434,
  "renderTime": 923.7025480309486,
  "jsBundleSizeKB": 10.087890625,
  "hasJank": true,
  "imageLoadTime": 0
}