{
  "pageName": "unstablepropsTest16",
  "LCP": 2033.7945999999997,
  "FID": 433,
  "CLS": 0.04157048229720489,
  "TBT": 468,
  "renderTime": 2858.5714858213623,
  "jsBundleSizeKB": 6.927734375,
  "hasJank": true,
  "imageLoadTime": 0
}