{
  "pageName": "unstablepropsTest24",
  "LCP": 5737.767900000001,
  "FID": 4047,
  "CLS": 0,
  "TBT": 4096,
  "renderTime": 6851.761168040695,
  "jsBundleSizeKB": 6.6376953125,
  "hasJank": true,
  "imageLoadTime": 0
}