{
  "pageName": "unstablepropsTest185",
  "LCP": 8346.757599999999,
  "FID": 6072,
  "CLS": 0,
  "TBT": 6959.342,
  "renderTime": 8114.075897993865,
  "jsBundleSizeKB": 10.15234375,
  "hasJank": true,
  "imageLoadTime": 0
}