{
  "pageName": "unstablepropsTest24",
  "LCP": 2251.1556,
  "FID": 422,
  "CLS": 0,
  "TBT": 418,
  "renderTime": 1512.880486011696,
  "jsBundleSizeKB": 8.0380859375,
  "hasJank": true,
  "imageLoadTime": 0
}