{
  "pageName": "unstablepropsTest23",
  "LCP": 2078.7695999999996,
  "FID": 154,
  "CLS": 0,
  "TBT": 155,
  "renderTime": 816.7556219432163,
  "jsBundleSizeKB": 9.7900390625,
  "hasJank": false,
  "imageLoadTime": 0
}