{
  "pageName": "unstablepropsTest17",
  "LCP": 2164.5723000000003,
  "FID": 418,
  "CLS": 0,
  "TBT": 432,
  "renderTime": 1581.583703949852,
  "jsBundleSizeKB": 9.794921875,
  "hasJank": true,
  "imageLoadTime": 0
}