{
  "pageName": "unstablepropsTest20",
  "LCP": 2036.5175999999997,
  "FID": 421,
  "CLS": 0,
  "TBT": 453,
  "renderTime": 1371.3654279806804,
  "jsBundleSizeKB": 8.623046875,
  "hasJank": true,
  "imageLoadTime": 0
}