{
  "pageName": "unstablepropsTest273",
  "LCP": 2136.8864999999996,
  "FID": 442,
  "CLS": 0,
  "TBT": 417,
  "renderTime": 3443.7446879814142,
  "jsBundleSizeKB": 7.8046875,
  "hasJank": true,
  "imageLoadTime": 0
}