{
  "pageName": "unstablepropsTest21",
  "LCP": 11847.129200000001,
  "FID": 10000,
  "CLS": 0.16442942135060007,
  "TBT": 10510.876400000001,
  "renderTime": 5440.639155993371,
  "jsBundleSizeKB": 8.3271484375,
  "hasJank": true,
  "imageLoadTime": 0
}