{
  "pageName": "unstablepropsTest10",
  "LCP": 2761.6514999999995,
  "FID": 421,
  "CLS": 0,
  "TBT": 773.0000000000002,
  "renderTime": 1637.5118431779506,
  "jsBundleSizeKB": 14.255859375,
  "hasJank": true,
  "imageLoadTime": 0
}