{
  "pageName": "unstablepropsTest9",
  "LCP": 2750.484000000001,
  "FID": 422,
  "CLS": 0,
  "TBT": 530,
  "renderTime": 3354.0001098637263,
  "jsBundleSizeKB": 13.6708984375,
  "hasJank": true,
  "imageLoadTime": 0
}