{
  "pageName": "unstablepropsTest22",
  "LCP": 2045.4460999999997,
  "FID": 152,
  "CLS": 0,
  "TBT": 208,
  "renderTime": 2342.014516607659,
  "jsBundleSizeKB": 8.9765625,
  "hasJank": true,
  "imageLoadTime": 0
}