{
  "pageName": "unstablepropsTest217",
  "LCP": 2264.721,
  "FID": 419,
  "CLS": 0,
  "TBT": 459,
  "renderTime": 1370.6081559779168,
  "jsBundleSizeKB": 8.6201171875,
  "hasJank": true,
  "imageLoadTime": 0
}