{
  "pageName": "unstablepropsTest14",
  "LCP": 2108.6463,
  "FID": 151,
  "CLS": 0,
  "TBT": 186,
  "renderTime": 795.5942720292663,
  "jsBundleSizeKB": 9.26953125,
  "hasJank": false,
  "imageLoadTime": 0
}