{
  "pageName": "unstablepropsTest219",
  "LCP": 2517.7947999999997,
  "FID": 419,
  "CLS": 0,
  "TBT": 427,
  "renderTime": 1581.334324046316,
  "jsBundleSizeKB": 10.9638671875,
  "hasJank": true,
  "imageLoadTime": 0
}