{
  "pageName": "unstablepropsTest200",
  "LCP": 2040.2378000000003,
  "FID": 421,
  "CLS": 0.03370764436270068,
  "TBT": 422,
  "renderTime": 2128.6374579729036,
  "jsBundleSizeKB": 6.634765625,
  "hasJank": false,
  "imageLoadTime": 0
}