{
  "pageName": "unstablepropsTest176",
  "LCP": 1977.0062500000001,
  "FID": 429,
  "CLS": 0,
  "TBT": 578,
  "renderTime": 913.4438240451813,
  "jsBundleSizeKB": 8.1015625,
  "hasJank": true,
  "imageLoadTime": 0
}