{
  "pageName": "unstablepropsTest59",
  "LCP": 2365.1068,
  "FID": 418,
  "CLS": 0,
  "TBT": 466,
  "renderTime": 1387.094021950059,
  "jsBundleSizeKB": 10.08203125,
  "hasJank": true,
  "imageLoadTime": 0
}