{
  "pageName": "unstablepropsTest170",
  "LCP": 12133.62825,
  "FID": 10000,
  "CLS": 0,
  "TBT": 10351,
  "renderTime": 6520.903854024552,
  "jsBundleSizeKB": 9.857421875,
  "hasJank": true,
  "imageLoadTime": 0
}