{
  "pageName": "unstablepropsTest144",
  "LCP": 2365.50105,
  "FID": 420,
  "CLS": 0,
  "TBT": 621.0000000000002,
  "renderTime": 989.2566019710873,
  "jsBundleSizeKB": 9.8603515625,
  "hasJank": true,
  "imageLoadTime": 0
}