{
  "pageName": "unstablepropsTest268",
  "LCP": 1980.20775,
  "FID": 435,
  "CLS": 0,
  "TBT": 412,
  "renderTime": 952.7899240083646,
  "jsBundleSizeKB": 7.744140625,
  "hasJank": true,
  "imageLoadTime": 0
}