{
  "pageName": "unstablepropsTest48",
  "LCP": 2339.2161499999997,
  "FID": 446,
  "CLS": 0.10471420959945081,
  "TBT": 553.9999999999998,
  "renderTime": 1962.0563420396134,
  "jsBundleSizeKB": 8.98046875,
  "hasJank": true,
  "imageLoadTime": 0
}