{
  "pageName": "unstablepropsTest136",
  "LCP": 1970.47925,
  "FID": 424,
  "CLS": 0,
  "TBT": 387,
  "renderTime": 889.5359880519771,
  "jsBundleSizeKB": 7.4501953125,
  "hasJank": false,
  "imageLoadTime": 0
}