{
  "pageName": "unstablepropsTest169",
  "LCP": 1811.1298,
  "FID": 420,
  "CLS": 0,
  "TBT": 410,
  "renderTime": 881.9943499805736,
  "jsBundleSizeKB": 6.92578125,
  "hasJank": true,
  "imageLoadTime": 0
}