{
  "pageName": "unstablepropsTest16",
  "LCP": 2027.6909999999998,
  "FID": 150,
  "CLS": 0.03672059269586432,
  "TBT": 205,
  "renderTime": 2172.584493980192,
  "jsBundleSizeKB": 8.39453125,
  "hasJank": false,
  "imageLoadTime": 0
}