{
  "pageName": "unstablepropsTest190",
  "LCP": 2717.7349000000004,
  "FID": 432,
  "CLS": 0,
  "TBT": 519,
  "renderTime": 917.2868160476112,
  "jsBundleSizeKB": 12.2021484375,
  "hasJank": true,
  "imageLoadTime": 0
}