{
  "pageName": "unstablepropsTest123",
  "LCP": 12434.734400000001,
  "FID": 10000,
  "CLS": 0,
  "TBT": 10399,
  "renderTime": 7795.315907970399,
  "jsBundleSizeKB": 11.3212890625,
  "hasJank": true,
  "imageLoadTime": 0
}