{
  "pageName": "unstablepropsTest91",
  "LCP": 2506.5599500000008,
  "FID": 422,
  "CLS": 0,
  "TBT": 434,
  "renderTime": 907.8820920107078,
  "jsBundleSizeKB": 11.5478515625,
  "hasJank": true,
  "imageLoadTime": 0
}