{
  "pageName": "unstablepropsTest73",
  "LCP": 11961.448400000001,
  "FID": 10000,
  "CLS": 0,
  "TBT": 10334,
  "renderTime": 5024.696779965219,
  "jsBundleSizeKB": 7.4482421875,
  "hasJank": true,
  "imageLoadTime": 0
}