{
  "pageName": "unstablepropsTest228",
  "LCP": 1990.7116,
  "FID": 428,
  "CLS": 0.000004414828336208728,
  "TBT": 396,
  "renderTime": 3323.742697951975,
  "jsBundleSizeKB": 7.2216796875,
  "hasJank": true,
  "imageLoadTime": 0
}