{
  "pageName": "unstablepropsTest125",
  "LCP": 2173.171,
  "FID": 431,
  "CLS": 0,
  "TBT": 659.9999999999998,
  "renderTime": 1437.7657879844187,
  "jsBundleSizeKB": 8.685546875,
  "hasJank": true,
  "imageLoadTime": 0
}