{
  "pageName": "unstablepropsTest220",
  "LCP": 2229.9953499999997,
  "FID": 423,
  "CLS": 0,
  "TBT": 448,
  "renderTime": 1364.408842011509,
  "jsBundleSizeKB": 8.3310546875,
  "hasJank": true,
  "imageLoadTime": 0
}