{
  "pageName": "unstablepropsTest213",
  "LCP": 2265.0015000000003,
  "FID": 435,
  "CLS": 0,
  "TBT": 519,
  "renderTime": 949.7518560536862,
  "jsBundleSizeKB": 8.6845703125,
  "hasJank": true,
  "imageLoadTime": 0
}