{
  "pageName": "unstablepropsTest202",
  "LCP": 12425.544399999999,
  "FID": 10000,
  "CLS": 0,
  "TBT": 10422,
  "renderTime": 6391.912011975259,
  "jsBundleSizeKB": 10.734375,
  "hasJank": true,
  "imageLoadTime": 0
}