{
  "pageName": "unstablepropsTest251",
  "LCP": 2331.9535,
  "FID": 430,
  "CLS": 0,
  "TBT": 544,
  "renderTime": 927.2570079985379,
  "jsBundleSizeKB": 13.0810546875,
  "hasJank": true,
  "imageLoadTime": 0
}