{
  "pageName": "unstablepropsTest260",
  "LCP": 6004.7316,
  "FID": 4052,
  "CLS": 0,
  "TBT": 4374,
  "renderTime": 5800.01316400416,
  "jsBundleSizeKB": 6.279296875,
  "hasJank": true,
  "imageLoadTime": 0
}