{
  "pageName": "unstablepropsTest26",
  "LCP": 2678.3083000000006,
  "FID": 432,
  "CLS": 0,
  "TBT": 755.0000000000002,
  "renderTime": 1649.248364007697,
  "jsBundleSizeKB": 12.49609375,
  "hasJank": true,
  "imageLoadTime": 0
}