{
  "pageName": "unstablepropsTest222",
  "LCP": 2867.763,
  "FID": 465,
  "CLS": 0,
  "TBT": 568,
  "renderTime": 1731.6033739482498,
  "jsBundleSizeKB": 13.9619140625,
  "hasJank": true,
  "imageLoadTime": 0
}