{
  "pageName": "unstablepropsTest160",
  "LCP": 2173.4981,
  "FID": 437,
  "CLS": 0,
  "TBT": 435,
  "renderTime": 1576.0171000418568,
  "jsBundleSizeKB": 8.9169921875,
  "hasJank": true,
  "imageLoadTime": 0
}