{
  "pageName": "unstablepropsTest224",
  "LCP": 2086.2737,
  "FID": 460,
  "CLS": 0,
  "TBT": 448,
  "renderTime": 3383.5779560159017,
  "jsBundleSizeKB": 6.927734375,
  "hasJank": false,
  "imageLoadTime": 0
}