{
  "pageName": "unstablepropsTest133",
  "LCP": 2403.5672,
  "FID": 419,
  "CLS": 0,
  "TBT": 526,
  "renderTime": 951.5911919997595,
  "jsBundleSizeKB": 10.0869140625,
  "hasJank": true,
  "imageLoadTime": 0
}