{
  "pageName": "unstablepropsTest238",
  "LCP": 12131.373099999999,
  "FID": 10000,
  "CLS": 0,
  "TBT": 10360,
  "renderTime": 6897.559438052409,
  "jsBundleSizeKB": 8.0322265625,
  "hasJank": true,
  "imageLoadTime": 0
}