{
  "pageName": "unstablepropsTest13",
  "LCP": 2047.3692500000002,
  "FID": 420,
  "CLS": 0.23567013016160984,
  "TBT": 445,
  "renderTime": 1533.5869600246333,
  "jsBundleSizeKB": 6.337890625,
  "hasJank": true,
  "imageLoadTime": 0
}