{
  "pageName": "unstablepropsTest207",
  "LCP": 2563.6984000000007,
  "FID": 441,
  "CLS": 0,
  "TBT": 1003.9999999999998,
  "renderTime": 963.3008400323772,
  "jsBundleSizeKB": 11.9072265625,
  "hasJank": true,
  "imageLoadTime": 0
}