{
  "pageName": "unstablepropsTest181",
  "LCP": 1959.0914999999998,
  "FID": 10000,
  "CLS": 0,
  "TBT": 10328,
  "renderTime": 900.0783579976033,
  "jsBundleSizeKB": 8.685546875,
  "hasJank": true,
  "imageLoadTime": 0
}