{
  "pageName": "unstablepropsTest105",
  "LCP": 2558.0888000000004,
  "FID": 423,
  "CLS": 0,
  "TBT": 416,
  "renderTime": 1670.4816420212555,
  "jsBundleSizeKB": 12.140625,
  "hasJank": true,
  "imageLoadTime": 0
}