{
  "pageName": "unstablepropsTest297",
  "LCP": 2428.6518499999997,
  "FID": 437,
  "CLS": 0,
  "TBT": 491,
  "renderTime": 942.4660360568237,
  "jsBundleSizeKB": 9.7939453125,
  "hasJank": true,
  "imageLoadTime": 0
}