{
  "pageName": "unstablepropsTest94",
  "LCP": 12423.338,
  "FID": 10000,
  "CLS": 0,
  "TBT": 10404,
  "renderTime": 6458.1618079781765,
  "jsBundleSizeKB": 11.0283203125,
  "hasJank": true,
  "imageLoadTime": 0
}