{
  "pageName": "unstablepropsTest26",
  "LCP": 2232.7376000000004,
  "FID": 284.0000000000002,
  "CLS": 0,
  "TBT": 509.0000000000002,
  "renderTime": 1341.0383339983512,
  "jsBundleSizeKB": 10.736328125,
  "hasJank": true,
  "imageLoadTime": 0
}