{
  "pageName": "unstablepropsTest281",
  "LCP": 2377.1271,
  "FID": 421,
  "CLS": 0,
  "TBT": 491,
  "renderTime": 928.5627119909477,
  "jsBundleSizeKB": 10.4443359375,
  "hasJank": true,
  "imageLoadTime": 0
}