{
  "pageName": "unstablepropsTest271",
  "LCP": 2599.5584,
  "FID": 418,
  "CLS": 0,
  "TBT": 874.9999999999995,
  "renderTime": 1392.284227999773,
  "jsBundleSizeKB": 12.4921875,
  "hasJank": true,
  "imageLoadTime": 0
}