{
  "pageName": "unstablepropsTest9",
  "LCP": 1762.56325,
  "FID": 149,
  "CLS": 0,
  "TBT": 197.0000000000001,
  "renderTime": 799.9309199559068,
  "jsBundleSizeKB": 9.271484375,
  "hasJank": false,
  "imageLoadTime": 0
}