{
  "pageName": "unstablepropsTest7",
  "LCP": 12189.3732,
  "FID": 10000,
  "CLS": 0,
  "TBT": 10189,
  "renderTime": 7682.477120039018,
  "jsBundleSizeKB": 11.61328125,
  "hasJank": true,
  "imageLoadTime": 0
}