{
  "pageName": "unstablepropsTest43",
  "LCP": 12591.605500000001,
  "FID": 10000,
  "CLS": 0,
  "TBT": 10481,
  "renderTime": 7805.943892032671,
  "jsBundleSizeKB": 13.0791015625,
  "hasJank": true,
  "imageLoadTime": 0
}