{
  "pageName": "unstablepropsTest212",
  "LCP": 2195.3542,
  "FID": 425,
  "CLS": 0,
  "TBT": 403,
  "renderTime": 885.4695999834441,
  "jsBundleSizeKB": 8.037109375,
  "hasJank": false,
  "imageLoadTime": 0
}