{
  "pageName": "unstablepropsTest221",
  "LCP": 2377.2477000000003,
  "FID": 435,
  "CLS": 0,
  "TBT": 459,
  "renderTime": 1581.1347839733505,
  "jsBundleSizeKB": 9.794921875,
  "hasJank": true,
  "imageLoadTime": 0
}