{
  "pageName": "unstablepropsTest28",
  "LCP": 2041.81325,
  "FID": 421,
  "CLS": 0.04480374203143194,
  "TBT": 437,
  "renderTime": 2943.9240100535053,
  "jsBundleSizeKB": 6.3427734375,
  "hasJank": true,
  "imageLoadTime": 0
}