{
  "pageName": "unstablepropsTest299",
  "LCP": 2205.4087,
  "FID": 433,
  "CLS": 0,
  "TBT": 459.5000000000002,
  "renderTime": 1398.2538719907143,
  "jsBundleSizeKB": 11.5478515625,
  "hasJank": true,
  "imageLoadTime": 0
}