{
  "pageName": "unstablepropsTest239",
  "LCP": 2646.3019999999997,
  "FID": 439,
  "CLS": 0,
  "TBT": 577,
  "renderTime": 938.9732639567613,
  "jsBundleSizeKB": 12.19921875,
  "hasJank": true,
  "imageLoadTime": 0
}