{
  "pageName": "unstablepropsTest116",
  "LCP": 2139.7152,
  "FID": 423,
  "CLS": 0.09961529787900324,
  "TBT": 736,
  "renderTime": 1912.0433999960946,
  "jsBundleSizeKB": 7.8076171875,
  "hasJank": true,
  "imageLoadTime": 0
}