{
  "pageName": "unstablepropsTest70",
  "LCP": 12435.119600000002,
  "FID": 10000.000000000002,
  "CLS": 0,
  "TBT": 10993.794850000002,
  "renderTime": 6404.400645991068,
  "jsBundleSizeKB": 10.7353515625,
  "hasJank": true,
  "imageLoadTime": 0
}