{
  "pageName": "unstablepropsTest129",
  "LCP": 2434.4752000000003,
  "FID": 431,
  "CLS": 0,
  "TBT": 540.9999999999998,
  "renderTime": 3450.040830050835,
  "jsBundleSizeKB": 10.4453125,
  "hasJank": true,
  "imageLoadTime": 0
}