{
  "pageName": "unstablepropsTest167",
  "LCP": 2178.584,
  "FID": 432,
  "CLS": 0,
  "TBT": 492,
  "renderTime": 920.1695159959078,
  "jsBundleSizeKB": 12.4951171875,
  "hasJank": true,
  "imageLoadTime": 0
}