{
  "pageName": "unstablepropsTest12",
  "LCP": 2042.5332500000002,
  "FID": 427,
  "CLS": 0.045265636279178664,
  "TBT": 436,
  "renderTime": 3038.0684660285856,
  "jsBundleSizeKB": 6.0498046875,
  "hasJank": true,
  "imageLoadTime": 0
}