{
  "pageName": "unstablepropsTest47",
  "LCP": 2550.6906499999996,
  "FID": 415,
  "CLS": 0,
  "TBT": 482,
  "renderTime": 917.8680360443734,
  "jsBundleSizeKB": 12.4912109375,
  "hasJank": true,
  "imageLoadTime": 0
}