{
  "pageName": "unstablepropsTest25",
  "LCP": 1997.3697000000002,
  "FID": 149,
  "CLS": 0,
  "TBT": 185,
  "renderTime": 3462.125898021903,
  "jsBundleSizeKB": 8.3916015625,
  "hasJank": false,
  "imageLoadTime": 0
}