{
  "pageName": "unstablepropsTest165",
  "LCP": 7978.83625,
  "FID": 6022,
  "CLS": 0,
  "TBT": 6422,
  "renderTime": 7725.744137658943,
  "jsBundleSizeKB": 6.92578125,
  "hasJank": true,
  "imageLoadTime": 0
}