{
  "pageName": "unstablepropsTest141",
  "LCP": 2046.6034,
  "FID": 421,
  "CLS": 0,
  "TBT": 407,
  "renderTime": 914.5214360350942,
  "jsBundleSizeKB": 7.447265625,
  "hasJank": false,
  "imageLoadTime": 0
}