{
  "pageName": "unstablepropsTest1",
  "LCP": 1965.324,
  "FID": 419,
  "CLS": 0.1702711852740477,
  "TBT": 422,
  "renderTime": 1544.2495000054073,
  "jsBundleSizeKB": 8.3916015625,
  "hasJank": true,
  "imageLoadTime": 0
}