{
  "pageName": "unstablepropsTest156",
  "LCP": 2031.4505,
  "FID": 423,
  "CLS": 0,
  "TBT": 406,
  "renderTime": 1328.2457443626472,
  "jsBundleSizeKB": 5.6923828125,
  "hasJank": false,
  "imageLoadTime": 0
}