{
  "pageName": "unstablepropsTest171",
  "LCP": 12500.875199999999,
  "FID": 10000,
  "CLS": 0,
  "TBT": 10360,
  "renderTime": 7762.319467980513,
  "jsBundleSizeKB": 12.1357421875,
  "hasJank": true,
  "imageLoadTime": 0
}