{
  "pageName": "unstablepropsTest30",
  "LCP": 12282.753200000001,
  "FID": 10000,
  "CLS": 0,
  "TBT": 10377,
  "renderTime": 6814.949005941968,
  "jsBundleSizeKB": 9.205078125,
  "hasJank": true,
  "imageLoadTime": 0
}