{
  "pageName": "unstablepropsTest127",
  "LCP": 2377.9747500000003,
  "FID": 435,
  "CLS": 0,
  "TBT": 436.0000000000002,
  "renderTime": 1582.922688020468,
  "jsBundleSizeKB": 9.49609375,
  "hasJank": true,
  "imageLoadTime": 0
}