{
  "pageName": "unstablepropsTest71",
  "LCP": 2135.8128500000003,
  "FID": 431,
  "CLS": 0,
  "TBT": 446,
  "renderTime": 941.9703439358664,
  "jsBundleSizeKB": 11.548828125,
  "hasJank": true,
  "imageLoadTime": 0
}