{
  "pageName": "unstablepropsTest18",
  "LCP": 2762.8531999999996,
  "FID": 431,
  "CLS": 0.10926700132116605,
  "TBT": 528,
  "renderTime": 2413.353864033165,
  "jsBundleSizeKB": 13.375,
  "hasJank": true,
  "imageLoadTime": 0
}