{
  "pageName": "unstablepropsTest137",
  "LCP": 8244.7254,
  "FID": 6067,
  "CLS": 0,
  "TBT": 6419,
  "renderTime": 8048.482368039059,
  "jsBundleSizeKB": 9.5634765625,
  "hasJank": true,
  "imageLoadTime": 0
}