{
  "pageName": "unstablepropsTest253",
  "LCP": 2158.6257,
  "FID": 431,
  "CLS": 0.000004414828336208728,
  "TBT": 400,
  "renderTime": 956.8432479804803,
  "jsBundleSizeKB": 8.0341796875,
  "hasJank": true,
  "imageLoadTime": 0
}