{
  "pageName": "unstablepropsTest66",
  "LCP": 2379.0332,
  "FID": 425,
  "CLS": 0.15680524215569933,
  "TBT": 776,
  "renderTime": 2230.442457983084,
  "jsBundleSizeKB": 9.4990234375,
  "hasJank": true,
  "imageLoadTime": 0
}