{
  "pageName": "unstablepropsTest151",
  "LCP": 2472.5476,
  "FID": 419,
  "CLS": 0,
  "TBT": 447,
  "renderTime": 1689.9988719854737,
  "jsBundleSizeKB": 14.482421875,
  "hasJank": true,
  "imageLoadTime": 0
}