{
  "pageName": "unstablepropsTest162",
  "LCP": 2308.176,
  "FID": 421,
  "CLS": 0.15024212681660334,
  "TBT": 420,
  "renderTime": 1573.2131859437704,
  "jsBundleSizeKB": 9.8564453125,
  "hasJank": true,
  "imageLoadTime": 0
}